,,Name,Date,Likes,isHearted,isPinned,Comment,"Profile ID","Comment ID","Comment URL"
1,,@gastrojas,"2025-11-18 00:07:34",1,yes,no,"La araña de Rincón siempre ninguneo a Parisi. Vale hongo. También cuando puede tira kk a Trump",UCOiGKZQTSj0I31fJ0wUa0_g,Ugys2WhIa1EnjDyA9lN4AaABAg,https://www.youtube.com/watch?v=mswdeg2APbw&lc=Ugys2WhIa1EnjDyA9lN4AaABAg
2,,@jorgeluiscarrasco1751,"2025-11-18 00:07:34",3,yes,no,"En 2021 mucha gente estaba hipnotizada por el estallido social , ni más recordar aTonka Tomicic diciendo ""Chile despertó"", a qué despertó? A destrucción? A mugre? Ahora esos zombies que votaron están despertando.",UCwHxTxx1nPHD3Q2Zo1V3Z6Q,UgxAVCilU_Dvy2yvurp4AaABAg,https://www.youtube.com/watch?v=mswdeg2APbw&lc=UgxAVCilU_Dvy2yvurp4AaABAg
3,,@vivinaguzman5234,"2025-11-18 00:07:34",2,yes,no,"El 1% solidario lo van retrotraer.😮😮😮",UCKlcOsVlAx0bF-31iDvpQ6g,UgwCgZ8Q2va7RyCRIat4AaABAg,https://www.youtube.com/watch?v=mswdeg2APbw&lc=UgwCgZ8Q2va7RyCRIat4AaABAg
4,,@vivinaguzman5234,"2025-11-18 00:07:34",1,yes,no,"Intelectualmente Labbé es, muy Débil.. 😂😂😂 Da pena. Tooonto. No debe leer nada. Horror",UCKlcOsVlAx0bF-31iDvpQ6g,UgwrgD2kuFMC6FEp-UF4AaABAg,https://www.youtube.com/watch?v=mswdeg2APbw&lc=UgwrgD2kuFMC6FEp-UF4AaABAg
5,,@vivinaguzman5234,"2025-11-18 00:07:34",1,yes,no,"KAST NO ES INTELIGENTE",UCKlcOsVlAx0bF-31iDvpQ6g,UgxNp1Wbx8hPC2blaud4AaABAg,https://www.youtube.com/watch?v=mswdeg2APbw&lc=UgxNp1Wbx8hPC2blaud4AaABAg
6,,@vivinaguzman5234,"2025-11-18 00:07:34",2,yes,no,"La nana de mi mamá le dijo que en su población la gente votaba Káiser por miedo. Le contaron un cuento. La gente pobre no les conmueve.",UCKlcOsVlAx0bF-31iDvpQ6g,UgwUymC_RlB_7mQiSmF4AaABAg,https://www.youtube.com/watch?v=mswdeg2APbw&lc=UgwUymC_RlB_7mQiSmF4AaABAg
7,,@vivinaguzman5234,"2025-11-18 00:07:34",1,yes,no,"Liberales de pacotilla... Evopolis",UCKlcOsVlAx0bF-31iDvpQ6g,Ugz1LAzHcd9hvXy-3eZ4AaABAg,https://www.youtube.com/watch?v=mswdeg2APbw&lc=Ugz1LAzHcd9hvXy-3eZ4AaABAg
8,,@vivinaguzman5234,"2025-11-18 00:07:34",2,yes,no,"Lo que hicieron los de, Káiser es ir al mundo popular asustada y prometer mano duda. Crueldad porque es un engaño y usan el miedo de la gente pobre...... Me da pena.",UCKlcOsVlAx0bF-31iDvpQ6g,UgyC_OHDtPoKxHCJ7oZ4AaABAg,https://www.youtube.com/watch?v=mswdeg2APbw&lc=UgyC_OHDtPoKxHCJ7oZ4AaABAg
9,,@vivinaguzman5234,"2025-11-18 00:07:34",1,yes,no,"Malas preguntas @tv_monica que pasa? Hagan preguntas de doctrina por favor!!!! Ser libertario es horror",UCKlcOsVlAx0bF-31iDvpQ6g,UgxDmLxUERSFFNk1tsp4AaABAg,https://www.youtube.com/watch?v=mswdeg2APbw&lc=UgxDmLxUERSFFNk1tsp4AaABAg
10,,@vivinaguzman5234,"2025-11-18 00:07:34",1,yes,no,"Nuuuuu Livianito Livianito tontito Labbé. Pobre derecha gobernar con esta, gente tonta y light.... 😮😮😮",UCKlcOsVlAx0bF-31iDvpQ6g,UgxL__R8CwqJrXo_b_t4AaABAg,https://www.youtube.com/watch?v=mswdeg2APbw&lc=UgxL__R8CwqJrXo_b_t4AaABAg
11,,@vivinaguzman5234,"2025-11-18 00:07:34",2,yes,no,"Por qué a la, izquierda le exigen respuestas claras y a, Labbé lo dejan esconder y omitir.",UCKlcOsVlAx0bF-31iDvpQ6g,UgwMyrhrTrCH28F1sTh4AaABAg,https://www.youtube.com/watch?v=mswdeg2APbw&lc=UgwMyrhrTrCH28F1sTh4AaABAg
12,,@vivinaguzman5234,"2025-11-18 00:07:34",2,yes,no,"Que light Labbé. Un horror esta gente",UCKlcOsVlAx0bF-31iDvpQ6g,UgzgQQugFaQyzuajyoh4AaABAg,https://www.youtube.com/watch?v=mswdeg2APbw&lc=UgzgQQugFaQyzuajyoh4AaABAg
13,,@vivinaguzman5234,"2025-11-18 00:07:34",2,yes,no,"Que pesado Cruz Coke.... UF",UCKlcOsVlAx0bF-31iDvpQ6g,Ugyd_UetOxMl6L2tiXp4AaABAg,https://www.youtube.com/watch?v=mswdeg2APbw&lc=Ugyd_UetOxMl6L2tiXp4AaABAg
14,,@vivinaguzman5234,"2025-11-18 00:07:34",1,yes,no,"Qué desolador.... El oso es la pobre gente 😢😢😢😢",UCKlcOsVlAx0bF-31iDvpQ6g,Ugz1r8UdyGDxBzMnlaJ4AaABAg,https://www.youtube.com/watch?v=mswdeg2APbw&lc=Ugz1r8UdyGDxBzMnlaJ4AaABAg
15,,@vivinaguzman5234,"2025-11-18 00:07:34",1,yes,no,"Un gran error volver al neoliberalismo cruel. Error error error.",UCKlcOsVlAx0bF-31iDvpQ6g,UgxuvIVmOdwh2VoVizt4AaABAg,https://www.youtube.com/watch?v=mswdeg2APbw&lc=UgxuvIVmOdwh2VoVizt4AaABAg
16,,@EladioGarcíaSalcedo,"2025-11-18 00:07:40",1,yes,no,"Y a quien se le ocurre colocar una candidata comunista?  Si el comunismo ya no existe...",UC7bWHzHb1tFvGznHr5wC_NQ,UgymNuujj5ZbeGbsrGR4AaABAg,https://www.youtube.com/watch?v=mswdeg2APbw&lc=UgymNuujj5ZbeGbsrGR4AaABAg
17,,@Fam2014Ch,"2025-11-18 00:07:40",1,yes,no,"El PEREJIL zurdo comunista TRATAAAAANDO de justificar el MEGA AJÍ en el CORTACHURROS 😂😂😂😂 🍿🍿🍿🍿🍿🌶️🌶️🌶️🌶️🌶️🌶️🌶️🌶️🌶️🌶️🌶️🌶️🌶️",UCm9wVoiBKpblgF0ps81aqJg,UgzcExixXJ7laNsc1dZ4AaABAg,https://www.youtube.com/watch?v=mswdeg2APbw&lc=UgzcExixXJ7laNsc1dZ4AaABAg
18,,@JaimeRodriguezOlea-fb7hx,"2025-11-18 00:07:40",1,yes,no,"Labee es un pelota",UCVsEPz8D4_uSnIxtyYX1UeQ,UgycEV3-ibc0VNsv1L14AaABAg,https://www.youtube.com/watch?v=mswdeg2APbw&lc=UgycEV3-ibc0VNsv1L14AaABAg
19,,@JoseluisSanMartin-s8c,"2025-11-18 00:07:40",1,yes,no,"Parissi depende el apoyo que va ser tiene que tener un puesto en el gobierno tiene buenas ideas",UCa9JgxFrR9kbXvQWVGE-M0A,Ugz0fTaMsoNaCPZjhP54AaABAg,https://www.youtube.com/watch?v=mswdeg2APbw&lc=Ugz0fTaMsoNaCPZjhP54AaABAg
20,,@MarcelaSilva-pw5yi,"2025-11-18 00:07:40",3,yes,no,"Pucha si este tipo tiene toda sus empresa en el extranjero y su dinero en paraísos fiscales.Le importara que pase con el país.Queremos volver a trabajar de sol a sol sin poder tener tiempo con la familia.Queremos que haga un recortes en los gastos sociales? NOS ESTAN DICIENDO EN NUESTRAS CARAS TRABAJA,TRABAJA,TRABAJA QUE TE QUITARE TODOS TUS BENEFIOS QUE HAZ LOGRADO TENER EN MUCHOS AÑOS.Que quieren un Miley? Por último votar por el que no nos amenaza.",UCSErNrYB0Bh4E4cAzLtXRLQ,Ugx7SSg5E2Ve9jM63DB4AaABAg,https://www.youtube.com/watch?v=mswdeg2APbw&lc=Ugx7SSg5E2Ve9jM63DB4AaABAg
21,,@carloscorderogarcia1981,"2025-11-18 00:07:40",1,yes,no,"25:45 Pepe Auth mandando a cerrar el orto",UCTMGO4RSuldhj1jz8K0aAUA,Ugy8k2CS0CLoSCyqyKd4AaABAg,https://www.youtube.com/watch?v=mswdeg2APbw&lc=Ugy8k2CS0CLoSCyqyKd4AaABAg
22,,@conexiontv2925,"2025-11-18 00:07:40",1,yes,no,"Que patetico el comunista ....no reconoce que lo patearon en el suelo...y que boric es un desastre que se lleno los bolsillos",UCPb0m-PMPNe0ncPJuslWiAw,UgwAiAUiceEkuKOn-tB4AaABAg,https://www.youtube.com/watch?v=mswdeg2APbw&lc=UgwAiAUiceEkuKOn-tB4AaABAg
23,,@dannielawalk,"2025-11-18 00:07:40",1,yes,no,"El socialismo siempre será opresión, facilidades, apuesten por el gobierno repúblicano!",UC_2lTSC6_HF1YKe1b2WAy5A,UgwaZs6LJyK8MZJrICt4AaABAg,https://www.youtube.com/watch?v=mswdeg2APbw&lc=UgwaZs6LJyK8MZJrICt4AaABAg
24,,@haglaz1310,"2025-11-18 00:07:40",1,yes,no,"Chile cada vez más parecido a Macondo",UCTFp3oaz-Ka7oW2VPLvXPCw,UgzcctGX8SdkspPDcXd4AaABAg,https://www.youtube.com/watch?v=mswdeg2APbw&lc=UgzcctGX8SdkspPDcXd4AaABAg
25,,@hectorgomezjofre5358,"2025-11-18 00:07:40",1,yes,no,"Núñez estaría ganando con un 15%, 20%, 30%, la realidad para él es irrelevante",UCBXPa1JL9YutR-12co94v6w,Ugzg7yWYhDQiuqIy_WF4AaABAg,https://www.youtube.com/watch?v=mswdeg2APbw&lc=Ugzg7yWYhDQiuqIy_WF4AaABAg
26,,@isaipezo4073,"2025-11-18 00:07:40",1,yes,no,"Nuñez: la MARXISTA no llega ni a liderar sus propios.",UCdLNfybRS_UNXXsN-3gNMmA,UgyizA161wEnCeXJEpJ4AaABAg,https://www.youtube.com/watch?v=mswdeg2APbw&lc=UgyizA161wEnCeXJEpJ4AaABAg
27,,@juafre3024,"2025-11-18 00:07:40",1,yes,no,"Están tristes, están tristes..............................jajajajajajaja",UCmfyfwyRaNMrY2UGkuwr6cg,Ugyvz3-aQ5FCkjxndxN4AaABAg,https://www.youtube.com/watch?v=mswdeg2APbw&lc=Ugyvz3-aQ5FCkjxndxN4AaABAg
28,,@mcarrasco45,"2025-11-18 00:07:40",1,yes,no,"Los invitados son una manga de Charlatanes y no representan a nadie PLR a todos esos 👎👎👎👎👎👎👎👎",UC1cozjd8R2GhH_y3v9okNMg,Ugx3oSiwi9PP0vPye7l4AaABAg,https://www.youtube.com/watch?v=mswdeg2APbw&lc=Ugx3oSiwi9PP0vPye7l4AaABAg
29,,@raulrebolledo-w2l,"2025-11-18 00:07:40",1,yes,no,"SI BIEN ES CIERTO, QUE DESMANTELARON AL ESTADO,  AHORA ES HORA DE QUE LA SECTA DEL PARTIDO COMUNISTA REGRESE A LA REALIDAD Y RECUPERE SU ETERNO 7/8 POR CIENTO..ACOSTUMBRADO..",UCJo24EwPkNZnYFmI7StEnpg,Ugztyl447Od1TVh9MhJ4AaABAg,https://www.youtube.com/watch?v=mswdeg2APbw&lc=Ugztyl447Od1TVh9MhJ4AaABAg
30,,@vivinaguzman5234,"2025-11-18 00:07:40",5,yes,no,"Brillante Núñez!!! Y",UCKlcOsVlAx0bF-31iDvpQ6g,UgwXxySzXU-Ki_dJkz14AaABAg,https://www.youtube.com/watch?v=mswdeg2APbw&lc=UgwXxySzXU-Ki_dJkz14AaABAg
31,,@vivinaguzman5234,"2025-11-18 00:07:40",1,yes,no,"Cosas sin hacer leyes..... 😮",UCKlcOsVlAx0bF-31iDvpQ6g,UgxAfUcoU60w9iEX-MR4AaABAg,https://www.youtube.com/watch?v=mswdeg2APbw&lc=UgxAfUcoU60w9iEX-MR4AaABAg
32,,@vivinaguzman5234,"2025-11-18 00:07:40",2,yes,no,"El. Préstamo lo quieren sacar",UCKlcOsVlAx0bF-31iDvpQ6g,UgyqZqNOAN-_-n1ADd14AaABAg,https://www.youtube.com/watch?v=mswdeg2APbw&lc=UgyqZqNOAN-_-n1ADd14AaABAg
33,,@vivinaguzman5234,"2025-11-18 00:07:40",4,yes,no,"La criptonita de Kast es Kast y Káiser 😂😂😂😂😂",UCKlcOsVlAx0bF-31iDvpQ6g,Ugzn-WLPFbc0yyDfhO54AaABAg,https://www.youtube.com/watch?v=mswdeg2APbw&lc=Ugzn-WLPFbc0yyDfhO54AaABAg
34,,@vivinaguzman5234,"2025-11-18 00:07:40",1,yes,no,"Núñez ha, Sepulveda que paso con el 10% del rechazo?",UCKlcOsVlAx0bF-31iDvpQ6g,UgyL_tx5KpYAaNFNCkh4AaABAg,https://www.youtube.com/watch?v=mswdeg2APbw&lc=UgyL_tx5KpYAaNFNCkh4AaABAg
35,,@vivinaguzman5234,"2025-11-18 00:07:40",1,yes,no,"Núñez, te ❤❤❤❤ no soy PC  @pepe_auth da pena",UCKlcOsVlAx0bF-31iDvpQ6g,UgxHhVVZ1dbHZzeeyhJ4AaABAg,https://www.youtube.com/watch?v=mswdeg2APbw&lc=UgxHhVVZ1dbHZzeeyhJ4AaABAg
36,,@EduardoHidalgo-f7b,"2025-11-18 00:07:47",2,yes,no,"Jesus fue traicionado por Judas y Janet fue traicionada por gente   farisea",UC7lAnZ6B92ULwfDbMKB0G5A,Ugw9ap7mB3i5Fg5Pqnx4AaABAg,https://www.youtube.com/watch?v=mswdeg2APbw&lc=Ugw9ap7mB3i5Fg5Pqnx4AaABAg
37,,@ElsaGatica-e5e,"2025-11-18 00:07:47",8,yes,no,"Kas miente y el asesor lo cubre  claro que lo sacaran y todas las ayudas sociales al pueblo no tendrán piedad ,y de donde sacará los seimillones de dolares de todo los chileno  por éso hay que vota por jara",UCfSqlBRIYzrPeYKiOcytCXg,Ugyppgl12VzQwLtwfBV4AaABAg,https://www.youtube.com/watch?v=mswdeg2APbw&lc=Ugyppgl12VzQwLtwfBV4AaABAg
38,,@ElsaGatica-e5e,"2025-11-18 00:07:47",1,yes,no,"Seguro que si, en la población lo sacaron apuntan de polos",UCfSqlBRIYzrPeYKiOcytCXg,UgzU-K6j04ZttyOim2Z4AaABAg,https://www.youtube.com/watch?v=mswdeg2APbw&lc=UgzU-K6j04ZttyOim2Z4AaABAg
39,,@JEBA-x9q,"2025-11-18 00:07:47",1,yes,no,"Por favor!!!! Nuñez….. haces el ridículo. Eres incapaz de responder las preguntas! Es, por donde se vea, un fracaso y si no somos capaces de verlo como tal, nos van a barrer en 2a vuelta",UCXBx_o7JcdcDbIl5LxHj4Og,UgxNrXXkHpogHPchvMJ4AaABAg,https://www.youtube.com/watch?v=mswdeg2APbw&lc=UgxNrXXkHpogHPchvMJ4AaABAg
40,,@PatriciaMelladoAedo,"2025-11-18 00:07:47",3,yes,no,"Jara a segunda vuelta??? Si los chilenos estamos agobiados con los comunistas que pasa???? Esto es una pesadilla",UCSXLp1PYVLQjbwscDKYHqOQ,UgwpIkkcD8t-yzqPhCV4AaABAg,https://www.youtube.com/watch?v=mswdeg2APbw&lc=UgwpIkkcD8t-yzqPhCV4AaABAg
41,,@Thamar27,"2025-11-18 00:07:47",7,yes,no,"Mis felicitaciones a Jeannette Jara, todo mi apoyo. Volveré a votar por ella en diciembre. Me duele y no puedo entender a la masa de chilenos que votó a Kast y Kaiser. Lo de Parisi se entiende por los nostálgicos de una figura estilo Piñera, pero votar por nazis y ultraderechistas racistas, machistas, explotadores y atropelladores de los DDHH de norte a sur... Parte el alma 💔",UCNVofMGzqOHUbSMGH-oxkPw,UgyVdkd2O_-E3fIlkrt4AaABAg,https://www.youtube.com/watch?v=mswdeg2APbw&lc=UgyVdkd2O_-E3fIlkrt4AaABAg
42,,@ToloSalazar-xs7qi,"2025-11-18 00:07:47",2,yes,no,"Con Kast nos fuimos a la B",UCIpI3hUsBFt46yGxBXn9pAg,UgznCDCTi6G-dp6ucEV4AaABAg,https://www.youtube.com/watch?v=mswdeg2APbw&lc=UgznCDCTi6G-dp6ucEV4AaABAg
43,,@ToloSalazar-xs7qi,"2025-11-18 00:07:47",1,yes,no,"Que apestoso Willy Duarte",UCIpI3hUsBFt46yGxBXn9pAg,UgwBgtKipw7Tsw03GQJ4AaABAg,https://www.youtube.com/watch?v=mswdeg2APbw&lc=UgwBgtKipw7Tsw03GQJ4AaABAg
44,,@ToloSalazar-xs7qi,"2025-11-18 00:07:47",1,yes,no,"Tendremos una nueva marca, Panama JAK",UCIpI3hUsBFt46yGxBXn9pAg,UgxCAHSIg3wW9YWvSSJ4AaABAg,https://www.youtube.com/watch?v=mswdeg2APbw&lc=UgxCAHSIg3wW9YWvSSJ4AaABAg
45,,@aliciamorales6089,"2025-11-18 00:07:47",2,yes,no,"Eso significa que todavía existen imbeciles en Chile 🇨🇱",UCXRg8xlSNMDHRfo1yTmRYDQ,UgwozDZ_Zn97GKWSrNh4AaABAg,https://www.youtube.com/watch?v=mswdeg2APbw&lc=UgwozDZ_Zn97GKWSrNh4AaABAg
46,,@carlosaguilarcastillo954,"2025-11-18 00:07:47",1,yes,no,"PARA QUE LOS EMPRESARIOS PUEDAN INVERTIR TIENE QUE HABER PAZ SOCIAL, EL COMUNICADO, LA ADVERTENCIA , DE JARA. ????????",UCWCXfum2xoMTVZRUQrLPdSQ,UgxlUdhUM0Vigy6nLAx4AaABAg,https://www.youtube.com/watch?v=mswdeg2APbw&lc=UgxlUdhUM0Vigy6nLAx4AaABAg
47,,@carlosriquelme6535,"2025-11-18 00:07:47",1,yes,no,"el cáncer comunistas tarde  o temprano hará de chile, un país semejante a cuba, Nicaragua, Venezuela, nunca murió el octubrismo, como se explica las  votaciones, de Jaime balza,  y Elisa loncon, los jerarcas de la convención,que quería refundar chile , los traidores de la democracia cristiana, que se venden al comunismo, llámese chancho milla, Aedo, Gracias a Dios no fue electo, en verdad tétrico y asqueroso.",UCAxtWDd89xSMHtEiJRb7xvQ,UgzFdgEwUGfx4TxnzGZ4AaABAg,https://www.youtube.com/watch?v=mswdeg2APbw&lc=UgzFdgEwUGfx4TxnzGZ4AaABAg
48,,@fabianvargascortes8805,"2025-11-18 00:07:47",1,yes,no,"Zurdistan en su máxima expresión",UCZ_nuf-IGD8IChd8ClTzU5Q,UgzfTSRTxgU7mlJ6ZDt4AaABAg,https://www.youtube.com/watch?v=mswdeg2APbw&lc=UgzfTSRTxgU7mlJ6ZDt4AaABAg
49,,@goodynunez,"2025-11-18 00:07:47",1,yes,no,"El problema en chile es que la.mayoria no LEE,,, viven en la ignorancia plena.Solo repite como loros... Entonces el problema es de la indosicracia 😢",UCltwlRRzQzWNJxkDfvyFm8A,Ugy_Po8NZ0L4VchfNJF4AaABAg,https://www.youtube.com/watch?v=mswdeg2APbw&lc=Ugy_Po8NZ0L4VchfNJF4AaABAg
50,,@hectorravanal3580,"2025-11-18 00:07:47",1,yes,no,"Que el representante de Kast no haya nacido es estúpidamente irrelevante. Éste  tipo no hace la Historia  de Chile...y está por no haber nacido NO SE PUEDE NEGAR...EL TERROR Y EL HORROR EL PAIS LO VIVIÓ...QUE CONSULTE LOS INFORMES RETTIG Y VALECH  ASI CÓMO LOS INFORMES DE NACIONES UNIDAS CONDENANDO LOS CRÍMENES DE LESA HUMANIDAD  COMETIDOS EN EL PAÍS.",UCIaTDdSCY7feLdmlndu8G4Q,Ugxbkc7SziENdCWQPlt4AaABAg,https://www.youtube.com/watch?v=mswdeg2APbw&lc=Ugxbkc7SziENdCWQPlt4AaABAg
51,,@isidorasalaberrypavone8015,"2025-11-18 00:07:47",6,yes,no,"Si sale Kast habra un segundo estallido social. Indiscutiblemente",UCYaaDdjhhuKXA-OjSjixHmQ,UgwsR98I7v7rK2KupJN4AaABAg,https://www.youtube.com/watch?v=mswdeg2APbw&lc=UgwsR98I7v7rK2KupJN4AaABAg
52,,@isidorasalaberrypavone8015,"2025-11-18 00:07:47",3,yes,no,"Tanto le cuesta a la derecha asumir que a kast le fue peor de lo que esperaban? Jara hizo la primera parte de su pega. Ahora toca seguir luchando para que el fascismo no vuelva a estar en nuestro pais.",UCYaaDdjhhuKXA-OjSjixHmQ,UgxB5xS-3Gk69tqTJYp4AaABAg,https://www.youtube.com/watch?v=mswdeg2APbw&lc=UgxB5xS-3Gk69tqTJYp4AaABAg
53,,@janeausten5681,"2025-11-18 00:07:47",4,yes,no,"Yaaaa corténla con el golpe del 73!!!! Los detenidos desaparecidos y torturados!!!  Hoy, siglo XXI 2025,  hay personas desaparecidas, crímenes x tortura, todo por el incremento de narcos y mafias!!!  Y quién vela por estas nuevas vìctimas!!! No, no son importantes porque no fueron políticos!!! BASTA!!! Chile se hunde por los problemas del pasado que sabemos no se solucionarán!!En 30 años más seguirán ""webiando"" por el 73!!!....Ya le dije una vez a mis padres,  si me condenan por involucrarme en política, es asunto mio!!! Yo decidí meterme con todos los riesgos que eso conllleva!",UCHWrYoRo2bJeH9jO1-71luw,UgwTvTmR6MiLu0yMkG54AaABAg,https://www.youtube.com/watch?v=mswdeg2APbw&lc=UgwTvTmR6MiLu0yMkG54AaABAg
54,,@loretochihuailafvera4281,"2025-11-18 00:07:47",2,yes,no,"Pepe Auth que tipo mas despreciable",UCQSMDX9GJaktzXQ9EcyyG7A,Ugz830SXOR0krSGvj394AaABAg,https://www.youtube.com/watch?v=mswdeg2APbw&lc=Ugz830SXOR0krSGvj394AaABAg
55,,@maeluva2640,"2025-11-18 00:07:47",8,yes,no,"Kast votó rechazo en todos los avances importantes para trabajadores y personas mayores, prefieren vivir con un sueldo miserable y pensión indigna al votar por kast",UCCkvtsAYbfKDBP6_IDlmPYg,UgwQBCk8WjExJVsiXGd4AaABAg,https://www.youtube.com/watch?v=mswdeg2APbw&lc=UgwQBCk8WjExJVsiXGd4AaABAg
56,,@Anticom-h7m,"2025-11-18 00:07:53",16,yes,no,"Que explicación estará buscando el cantinfla de Mayol ?Podría hacer una asociación de encuestadores con Mori.",UCZT9RQmE2SwNLLtqWVMLxeA,UgytDlrm5kNXsLtu5oV4AaABAg,https://www.youtube.com/watch?v=mswdeg2APbw&lc=UgytDlrm5kNXsLtu5oV4AaABAg
57,,@CH-mz4im,"2025-11-18 00:07:53",9,yes,no,"Adios a la izquierda en chile",UC5isDMjfaLuII87L-JB9n9w,UgzfRqMufFnmPDCF_4l4AaABAg,https://www.youtube.com/watch?v=mswdeg2APbw&lc=UgzfRqMufFnmPDCF_4l4AaABAg
58,,@EladioGarcíaSalcedo,"2025-11-18 00:07:53",1,yes,no,"Hay señor!! No tiene por dónde esta vieja",UC7bWHzHb1tFvGznHr5wC_NQ,UgzTYlJEpJhVqezfGzZ4AaABAg,https://www.youtube.com/watch?v=mswdeg2APbw&lc=UgzTYlJEpJhVqezfGzZ4AaABAg
59,,@JuanaSantis-x3b3m,"2025-11-18 00:07:53",8,yes,no,"Kas tiene que renunciar ala O.N.U.para merecer ser presidente de chile",UCc9SHa5Ird2fPIUpyUPeisw,UgxB0yLnS-71plER-Y54AaABAg,https://www.youtube.com/watch?v=mswdeg2APbw&lc=UgxB0yLnS-71plER-Y54AaABAg
60,,@Lissy-g3q,"2025-11-18 00:07:53",3,yes,no,"Me río toda la noche de los disque comentaristas cuando hablan del Pdg , no entiendan que lo sensato es el fondo, ahí recién le van achuntar!! Mientras sueñen bonito en especial los zurditos",UCXErn3bwM7_ZzpjnWLIpkaw,UgzYqBEkhBCS-fWR3qp4AaABAg,https://www.youtube.com/watch?v=mswdeg2APbw&lc=UgzYqBEkhBCS-fWR3qp4AaABAg
61,,@Lissy-g3q,"2025-11-18 00:07:53",1,yes,no,"Pepe auth ni porque no le achunto nada a esta elección sigue pensando puras leseras",UCXErn3bwM7_ZzpjnWLIpkaw,UgxcoKznLfkpugjnICd4AaABAg,https://www.youtube.com/watch?v=mswdeg2APbw&lc=UgxcoKznLfkpugjnICd4AaABAg
62,,@clarawistuba9712,"2025-11-18 00:07:53",2,yes,no,"Claro que queremos que las listas de esperan en salud avancen, claro que queremos seguridad, mejor educación, acaso eso es mucho pedir?.",UCt8S6hXeOp97HkbKRRtbSVg,Ugy_DJRvUee2ZOYD1mN4AaABAg,https://www.youtube.com/watch?v=mswdeg2APbw&lc=Ugy_DJRvUee2ZOYD1mN4AaABAg
63,,@clarawistuba9712,"2025-11-18 00:07:53",1,yes,no,"Cruzcoke, tiene la razón, que tiene que ver Parísi con pamela Jiles?, sospechosa la wuea.",UCt8S6hXeOp97HkbKRRtbSVg,UgyjZMOqstOV0KZ_pLZ4AaABAg,https://www.youtube.com/watch?v=mswdeg2APbw&lc=UgyjZMOqstOV0KZ_pLZ4AaABAg
64,,@clarawistuba9712,"2025-11-18 00:07:53",7,yes,no,"No puedo creer, que alguien diga que en el gobierno de Frei Montalva querían hacer un golpe de estado, o es que yo no existía?, con Allende si el pueblo pedía a los militares para librar a Chile del comunismo.",UCt8S6hXeOp97HkbKRRtbSVg,UgweRMyt-09s3ekWT-l4AaABAg,https://www.youtube.com/watch?v=mswdeg2APbw&lc=UgweRMyt-09s3ekWT-l4AaABAg
65,,@clarawistuba9712,"2025-11-18 00:07:53",2,yes,no,"Pamela Jiles comunista? Y ahora con Parísi  y la eligieron, osea en el reino de los cielos el tuerto es Dios. No se vale tanta sirvenguenzura.",UCt8S6hXeOp97HkbKRRtbSVg,UgxMY_2ZyeRz2Bu856V4AaABAg,https://www.youtube.com/watch?v=mswdeg2APbw&lc=UgxMY_2ZyeRz2Bu856V4AaABAg
66,,@clarawistuba9712,"2025-11-18 00:07:53",8,yes,no,"Quiero creer que los chilenos no quieren caer en manos del comunismo, ya le dieron Fé a Boric y cargamos ahora sólo queremos resurgir, así que no especulen. Kats será el futuro presidente.",UCt8S6hXeOp97HkbKRRtbSVg,UgwVAzMeDbbkR8ELAeV4AaABAg,https://www.youtube.com/watch?v=mswdeg2APbw&lc=UgwVAzMeDbbkR8ELAeV4AaABAg
67,,@flormariabustos3599,"2025-11-18 00:07:53",13,yes,no,"Sr. Nuñez, acepte la realidad, LA MAYORÍA DE LOS CHILENOS NO QUEREMOS COMUNISMO EN CHILE, NECESITAMOS UN PRESIDENTE QUE SE PREOCUPE DE LOS CHILENOS!!!! NO SOLO DE SUS PARTIDOS Y Sus Ctas bancarias y QUE VIVEN  DEL PASADO, ACEPTE LA REALIDAD!!!!! Saquence la venda de los ojos alguna vez!!!! Y actualicen sus ideas mentirosas",UCaOePdIxn9hVL0FiSnkt41A,Ugwrduu3X898UF5NjQZ4AaABAg,https://www.youtube.com/watch?v=mswdeg2APbw&lc=Ugwrduu3X898UF5NjQZ4AaABAg
68,,@marcelantonieta6687,"2025-11-18 00:07:53",1,yes,no,"El comunismo es una peste ... prácticamente extinta en el planeta ... salvo en Chile ... 😡",UC-EQy17h138XCogUOCo3gVw,UgxzXanqwks6XiN-6YB4AaABAg,https://www.youtube.com/watch?v=mswdeg2APbw&lc=UgxzXanqwks6XiN-6YB4AaABAg
69,,@marcelantonieta6687,"2025-11-18 00:07:53",4,yes,no,"El sólo hecho d' escuchar al comunista  Daniel NUÑEZ ... provoca jaqueca .... 🫣🫣🫣",UC-EQy17h138XCogUOCo3gVw,Ugxd8T6H1kBfQ7pqA_x4AaABAg,https://www.youtube.com/watch?v=mswdeg2APbw&lc=Ugxd8T6H1kBfQ7pqA_x4AaABAg
70,,@martin_brice,"2025-11-18 00:07:53",6,yes,no,"EL COMUNISTA ES TAN AWEONAO, hiperventilado y tan fanatico que jura va ganar jajjajajajajjjaja  SDW, LA TENDENCIA ES CLARA !",UCppxKx32XQU6kHRzDb7U6Ew,UgzQYSUQBo9h8A7VF4Z4AaABAg,https://www.youtube.com/watch?v=mswdeg2APbw&lc=UgzQYSUQBo9h8A7VF4Z4AaABAg
71,,@pamelabarenkob9602,"2025-11-18 00:07:53",8,yes,no,"Cómo les quedó e ojo😂zurdos activistas más q oeeiodistas😂",UCaKqjbxlghPmx-Q6YJa1JeA,UgzweDVC6ckKxhlTyjJ4AaABAg,https://www.youtube.com/watch?v=mswdeg2APbw&lc=UgzweDVC6ckKxhlTyjJ4AaABAg
72,,@patricionico886,"2025-11-18 00:07:53",14,yes,no,"Que pasa chile me da asta pena pensar que creen en una vieja así.....",UCcQeKe-vMbD0igojB9NsYfw,UgxZagAc2kjvVeK1hWJ4AaABAg,https://www.youtube.com/watch?v=mswdeg2APbw&lc=UgxZagAc2kjvVeK1hWJ4AaABAg
73,,@teach4safetycapacitaciones994,"2025-11-18 00:07:53",11,yes,no,"Nuñez hablando de % para comparar con elección 2021 cuando lo que importa son los números, 200.000 votos más obtuvo Kast en esta 1era vuelta.",UCDDrDJPj8zRvlucADBsYOXg,Ugw9rBfJYHUlp-kzUjt4AaABAg,https://www.youtube.com/watch?v=mswdeg2APbw&lc=Ugw9rBfJYHUlp-kzUjt4AaABAg
74,,@vivalej,"2025-11-18 00:07:53",2,yes,no,"2° vuelta NI FACHO NI COMUNACHO / NI FACHO NI COMUNACHO / NI FACHO NI COMUNACHO / NI FACHO NI COMUNACHO / NI FACHO NI COMUNACHO / NI FACHO NI COMUNACHO /NI FACHO NI COMUNACHO / NI FACHO NO COMUNACHO",UCtWHf2wuntMJsjrPR3ITrUw,UgyAOKxu13C8SICEuYp4AaABAg,https://www.youtube.com/watch?v=mswdeg2APbw&lc=UgyAOKxu13C8SICEuYp4AaABAg
75,,@vivianariveramarchelli3581,"2025-11-18 00:07:53",17,yes,no,"Este Sr Nuñez en que mundo vive",UCoMMrr5hEH1BZCmNOrOUhkQ,UgwpgnovbBIv_yTmZvx4AaABAg,https://www.youtube.com/watch?v=mswdeg2APbw&lc=UgwpgnovbBIv_yTmZvx4AaABAg
76,,@JoseFont-u7e,"2025-11-19 00:07:27",5,yes,no,"KAST GANARÁ SEGURO... !!!  DESDE WASHINGTON D.C. U.S.A. .",UCnKfSo3mQcuxPMycrq14qgw,UgwjN4fFhsw7ToUPiEN4AaABAg,https://www.youtube.com/watch?v=mswdeg2APbw&lc=UgwjN4fFhsw7ToUPiEN4AaABAg
77,,@WilliamGarrido-j4z,"2025-11-19 00:07:27",1,yes,no,"Estamos pa la caga botaron por los más weones que habían por un nazi culiao y una weona comunista",UCT7YAmsPamhaA-s-1QpsxKQ,UgwyvGRqVnf8jkTIkJ94AaABAg,https://www.youtube.com/watch?v=mswdeg2APbw&lc=UgwyvGRqVnf8jkTIkJ94AaABAg
78,,@ZarahGamer118,"2025-11-19 00:07:27",1,yes,no,"Nuñez parece que esta tan lejos de la realidad y tienen cero autocritica, , este gobierno y lo que su sector representa se fueron a pique total",UCAWjJ22dZeo6cAEeK6_-HfA,Ugy8i8yIiPvwL0RapSZ4AaABAg,https://www.youtube.com/watch?v=mswdeg2APbw&lc=Ugy8i8yIiPvwL0RapSZ4AaABAg
79,,@ZarahGamer118,"2025-11-19 00:07:27",1,yes,no,"no conocía a Martin Arrau, muy agradable el caballero, me cayo super bien 👍",UCAWjJ22dZeo6cAEeK6_-HfA,Ugxnv-j2vJYo_byZYx94AaABAg,https://www.youtube.com/watch?v=mswdeg2APbw&lc=Ugxnv-j2vJYo_byZYx94AaABAg
80,,@agricolaquinchilcaltda.147,"2025-11-19 00:07:27",1,yes,no,"🤢 x. Núñez comunacho",UCoHw4ps4rQcxkRlboa7jB-A,UgxhZBGVekIKHdoVUat4AaABAg,https://www.youtube.com/watch?v=mswdeg2APbw&lc=UgxhZBGVekIKHdoVUat4AaABAg
81,,@andrescotos1903,"2025-11-19 00:07:27",1,yes,no,"La extrema izquierda , está imposibilitada , incapacitada  de asumir su responsabilidad  , social , económica ,  legal  ; son interdíctos  congénitos , en toda su historia  . Nacieron interdíctos .        El pueblo , no olvida , el golpe  de estado , que le dieron a la legalidad y al  estado de derecho  del pueblo chileno ,  el 18 de Octubre de 2019 , Quemando , a todo el país , destruyendo el metro ,  y  más de 100,000  pequeños  negocios  familiares y todos los mall de la nación ..         Pretendieron  destruìr a chile ,  a todas sus instituciones y los  símbolos más sagrados de la nación .          Repudiamos ,  como obligaron  a    callar a un grupo de niños que entonaban el himno nacional  , o  meterse  la sagrada bandera en el ano ,  sacándosela  en pantalla  abierta de  tv. nacional .         Pretendieron refundar a Chile y sus instituciones  y muchas vesanías vejatorias más .          Chile  sobrevivió ,  a todo esto , no los quiere , los repudia y en toda convocatoria de la voluntad popular , siempre repudiarémos  al proscrito comunísmo .",UCL6yXnMA4JecoyI9sBtRBRw,UgzjiX-ZBg4UTjf2AZ14AaABAg,https://www.youtube.com/watch?v=mswdeg2APbw&lc=UgzjiX-ZBg4UTjf2AZ14AaABAg
82,,@cokeriesko,"2025-11-19 00:07:27",1,yes,no,"GRANDE MI GENERAL PINOCHET SEGUNDO PADRE DE LA PATRIA 🇨🇱",UCGFYmDJ_r5sKF4fkm9B6DGQ,UgzRTbkOCrK00jiIXgd4AaABAg,https://www.youtube.com/watch?v=mswdeg2APbw&lc=UgzRTbkOCrK00jiIXgd4AaABAg
83,,@mariateresavarossanchez1763,"2025-11-19 00:07:27",1,yes,no,"Labbe! Para la próximo gobierno Káiser! El más sólido ❤",UCBSWKKXG3Fr9XPrkh-HflEA,Ugxa_T9w9FTNbkpP6hZ4AaABAg,https://www.youtube.com/watch?v=mswdeg2APbw&lc=Ugxa_T9w9FTNbkpP6hZ4AaABAg
84,,@mariateresavarossanchez1763,"2025-11-19 00:07:27",1,yes,no,"Núñez! Es el hijo de Maduro!! Y de todos los países totalitarios!",UCBSWKKXG3Fr9XPrkh-HflEA,Ugy6tpDpsuuVyFX4Li14AaABAg,https://www.youtube.com/watch?v=mswdeg2APbw&lc=Ugy6tpDpsuuVyFX4Li14AaABAg
85,,@mariateresavarossanchez1763,"2025-11-19 00:07:27",1,yes,no,"Núñez! Tu estallido delictual!! Que ustedes apoyaron!Ustedes son extremos!!",UCBSWKKXG3Fr9XPrkh-HflEA,UgxyUsY0OVfpsUWEJXN4AaABAg,https://www.youtube.com/watch?v=mswdeg2APbw&lc=UgxyUsY0OVfpsUWEJXN4AaABAg
86,,@mariateresavarossanchez1763,"2025-11-19 00:07:27",1,yes,no,"Núñez!! Todavía vives de Pinochet!!",UCBSWKKXG3Fr9XPrkh-HflEA,UgyA2MJ8v1sYzmmumlZ4AaABAg,https://www.youtube.com/watch?v=mswdeg2APbw&lc=UgyA2MJ8v1sYzmmumlZ4AaABAg
87,,@nachomagallanico,"2025-11-19 00:07:27",1,yes,no,"Tolerancia cero en CNN???? Chucha desde cuando, alguien sabe quién es el dueño de la marca???? Hace rato llevo viviendo fuera de Chile pero se me pasó completamente que ya no estaba en Chilevisión!!",UCNGfYMJJB2hvXYBxQ0D2QKw,UgwpNGILXeC8fjB3-ut4AaABAg,https://www.youtube.com/watch?v=mswdeg2APbw&lc=UgwpNGILXeC8fjB3-ut4AaABAg
88,,@rodrigolo2409,"2025-11-19 00:07:27",1,yes,no,"Y la vamos a seguir cantando zueditos , es parte importante de nuestro himno desde el 1840 ignorantes !!!",UCYD_Y7ZzOITVA1fInFM7n1Q,Ugyk_SbcAMoR2swMOdV4AaABAg,https://www.youtube.com/watch?v=mswdeg2APbw&lc=Ugyk_SbcAMoR2swMOdV4AaABAg
89,,@PedroChoapa-e8l,"2025-11-19 00:07:34",10,yes,no,"JARA NO TIENE POR DONDE..",UCjoi356tXkElQ-cguHG2OyQ,Ugww_Obn7DPqg7Hkr8p4AaABAg,https://www.youtube.com/watch?v=mswdeg2APbw&lc=Ugww_Obn7DPqg7Hkr8p4AaABAg
90,,@go-iy1kv,"2025-11-19 00:07:34",1,yes,no,"Kast por lejos 🎉🎉🎉",UCac5gHbyXzWJDm84OsD89Wg,UgzgCxZ2sXH-P-tmIS94AaABAg,https://www.youtube.com/watch?v=mswdeg2APbw&lc=UgzgCxZ2sXH-P-tmIS94AaABAg
91,,@palomavasquez13,"2025-11-19 00:07:34",1,yes,no,"Jara Presidenta..",UC5509ID9YEgYbucjT_iyyPw,Ugwyutif8hTJf9INGDl4AaABAg,https://www.youtube.com/watch?v=mswdeg2APbw&lc=Ugwyutif8hTJf9INGDl4AaABAg
92,,@patmos789,"2025-11-19 00:07:34",4,yes,no,"Que las decisiones del país dependan de los diputados del PDG hablan de una derrota total de la política en Chile.",UCuTupzRcMDC2yEaF-n2yApg,Ugwhnyttof-QiyYiMep4AaABAg,https://www.youtube.com/watch?v=mswdeg2APbw&lc=Ugwhnyttof-QiyYiMep4AaABAg
93,,@toride_e,"2025-11-19 00:07:34",1,yes,no,"Cero autocrítica de parte de los militantes del comunismo, jajajajaajaj",UCFibxpFeCtcpkGT-OZ2BhPA,UgwEKhlb_koOkER-JxV4AaABAg,https://www.youtube.com/watch?v=mswdeg2APbw&lc=UgwEKhlb_koOkER-JxV4AaABAg
94,,@elizabethdelrioortiz7235,"2025-11-20 00:07:27",1,yes,no,"Parisi representó a una gran porción de ciudasanos que rechaza a los actuales partidos políticos que deciden desde cúpulas sin mayor participacion de gente de las comunidades. Las organizaciones sociales están atomizadas. Es un voncepto amplio y una vez más ""no lo vimos venir"". Enseñanza civica en todo nivel de educación (formal, Tv y redes) se hace indispensable!",UCDeK1qY5AN6ZFtlA4D3LJbQ,UgzLAqLi9kxj9_m_ic14AaABAg,https://www.youtube.com/watch?v=mswdeg2APbw&lc=UgzLAqLi9kxj9_m_ic14AaABAg
95,,@lauraibarra-o4o,"2025-11-20 00:07:27",2,yes,no,"Ya pero se dan cuenta como le preguntas si Kast tiene similitud en temas de libertad e ideología con Trump y Milei y lo niegan? y dicen que cada país tiene su realidad diferente y un contexto diferente, y que cada uno tiene su propia forma. Ya, punto uno, no creo que sean tan diferentes. Punto dos, es el mismo tipo de pregunta o de echo, insinuación y que incluso dan por echo cuando comparan a Jara con Venezuela o Cuba, y que se jactan de que son lo mismo, por más de que ella y el resto de su coalisión fundamenten con lo mismo, que son contexto y realidades diferentes y con formas ded hacer las cosas diferentes. Entonces me llama la atención cómo hacia un sector se le da toda credibilidad ante una respuesta así, no se le rebate y solo se asiente y continua con la siguiente pregunta. Lo encuentro negligente por parte de quienes realizan los debates y quienes solo escuchan sin cuestionar este tipo de actitudes muy distintas frente a cada candidato. Ojalá relfexionen un poco ante esto. Ah y recordemos que Kast acaba de hacer contacto con Milei sugiriendo que trabajarán juntos XD entonces de que estamos hablando?",UC1s9Ak1ePk_70P9iy8I5l_g,UgzkP13djDE7bkP03ct4AaABAg,https://www.youtube.com/watch?v=mswdeg2APbw&lc=UgzkP13djDE7bkP03ct4AaABAg
96,,@mariavictoriaayalahoffmann1376,"2025-11-20 09:07:27",2,yes,no,"Dupla K KSe les acabo a los vagos gatos de campo. Con disculpa de los hermosos gatos. Por primera vez, van a trabajar.",UCHr79iwifuw6byAYOZffM7g,UgzPNx02XvQbWcz-Djp4AaABAg,https://www.youtube.com/watch?v=mswdeg2APbw&lc=UgzPNx02XvQbWcz-Djp4AaABAg
97,,@mariavictoriaayalahoffmann1376,"2025-11-20 09:07:27",2,yes,no,"Núñez es un violento como todos los comunistas! Resentido, se volvieron vegetarianos estos lobos.",UCHr79iwifuw6byAYOZffM7g,UgxQiqZfl4DJHZ54s414AaABAg,https://www.youtube.com/watch?v=mswdeg2APbw&lc=UgxQiqZfl4DJHZ54s414AaABAg
98,,@rodolfosaraviaabarca3349,"2025-11-20 19:07:27",1,yes,no,"Que lata que  Nuñez no insista en que J. Jara es parte de una coalición que está formada por varios partidos : Partido Comunista de Chile (PCCh)Partido Socialista de Chile (PS)Frente Amplio (FA) (compuesto por Revolución Democrática, Convergencia Social, y Comunes)Partido por la Democracia (PPD)Partido Radical de Chile (PR)Partido Liberal de Chile (PL)Partido Demócrata Cristiano (PDC)Es una candidata comunista , es cierto , pero el PC . En términos de representación legislativa (diputados/senadores), comparte la fuerza con otras agrupaciones grandes como el Frente Amplio y el Partido Socialista. Por otra parte el Partido Comunista es apenas la tercera fuerza política más grande dentro de la coalición de gobierno, superado por el Frente Amplio y el Partido Socialista. Representa aproximadamente el 20% de las afiliaciones de los principales partidos que apoyan la candidatura.Datos ahorra relatos.",UCFHjdhOR4qS5QLPEA21i31g,UgxPILrbFHLPPNMoX1h4AaABAg,https://www.youtube.com/watch?v=mswdeg2APbw&lc=UgxPILrbFHLPPNMoX1h4AaABAg
99,,@mariolyriquelme3189,"2025-11-20 21:07:27",1,yes,no,"CNN chile muestren la verdad , no se como tienen cara los de izquierda de volver a presentarse , teniendo la quiebra en laSalud , sin sueldo a los profesores y sin dineros de reserva al país !!!! Son careraja",UC7OlDEgRsyGHWM6WqQEgBvA,UgyYApFrgBZkvSzzZAR4AaABAg,https://www.youtube.com/watch?v=mswdeg2APbw&lc=UgyYApFrgBZkvSzzZAR4AaABAg
100,,@epistemes2024,"2025-11-20 23:07:27",1,yes,no,"Jeannette Jara Presidenta 👏👏👏❤️❤️❤️",UCu03r7ncPHfgyuOeeofLlqg,UgyQ2GIp991EvZ63SpF4AaABAg,https://www.youtube.com/watch?v=mswdeg2APbw&lc=UgyQ2GIp991EvZ63SpF4AaABAg
