user_id,text,timestamp,label_raw,score_raw,polarity,strength,likes
@GuvierGodoy,Parisi presidente,2025-11-12 17:50:15,LABEL_1,0.5299572348594666,Negativo,1.0,2
@MargaritaAllimant,ASI GANAN VOTOS LOS CAMUNISTAS OFRESIENDO MAS PLATA Y DESPUES SE HACEN MILLONARIOS A COSTA DE LOS HUONES Q. LE DAN LOS VOTOS COMUNISTAS H ANBRE Y RUINA ASI COMO DEJARON EL PAIS EN 4 ANOS SEMBRADO DE MALEANTES.,2025-11-12 17:50:15,LABEL_1,0.5448536276817322,Negativo,1.0,2
@RobertoIgnacioScottGonza-rn8wq,No es por nada pero el que mas se impone en presencia y presentaci√≥n con seguridad como un verdadero candidato tiene que ser es parisi,2025-11-12 17:50:15,LABEL_1,0.5244598388671875,Negativo,1.0,2
@jazminosorioarredondo3754,DE TODOS ME GUSTA HAROLD,2025-11-12 17:50:15,LABEL_1,0.5321031808853149,Negativo,1.0,1
@jazminosorioarredondo3754,JARA ESTA CON AUDIFONO LA ESTAN AYUDANDO,2025-11-12 17:50:15,LABEL_1,0.5455502271652222,Negativo,1.0,8
@julioleaman,PARISI dando catedra como siempre,2025-11-12 17:50:15,LABEL_1,0.5407763719558716,Negativo,1.0,3
@mariotorres1327,La verdad que me enerva me molesta y me da una indignaci√≥n escuchar a todos estos ladrones que lo √∫nico que quieren es seguir rob√°ndose el dinero del partido que sea vuelvo y lo repito del partido que sea lo √∫nico que quieren es llegar a la maldita presidencia para robar a manos llenas como lo est√° haciendo el ladr√≥n de presidente que tiene hoy por hoy nuestro pa√≠s lo peor que puede haber en el mundo son los malditos pol√≠ticos No les no les importa absolutamente nada lo √∫nico que quieren y postulan es para llenarse los bolsillos y despu√©s salir arrancando como la vieja est√∫pida de la bachelet,2025-11-12 17:50:15,LABEL_0,0.5354235172271729,Negativo,0.0,1
@RuebenMenesesarevalo,Q penca est√° temporera el √∫nico que merece ser presidente es Kaiser vsmon el domingo todo por Kaiser presidente,2025-11-13 17:50:09,LABEL_0,0.5673176050186157,Negativo,0.0,1
@cristianvillalobos5432,"artes no es inversion publica, veo como se roban los remedios en los consultorios, la comida de los comedores, venden las maquinarias para que inicien las pymes, etc. eso gasto, y gasto mal utilizado.",2025-11-13 17:50:09,LABEL_0,0.5209944248199463,Negativo,0.0,1
@cristofherveragua,"PARISI 2026, es simple , quien tiene mayor curr√≠culum? No entiendo como chucha quieren votar por Jara , por que son tan weones !",2025-11-13 17:50:09,LABEL_1,0.5523799657821655,Negativo,1.0,3
@filipsimic1815,MENOS CALLE QUE PANTUFLA!!!! WUAJAJJSAJJAJAJAJAJAJAJA,2025-11-13 17:50:09,LABEL_1,0.5530687570571899,Negativo,1.0,1
@nataliamaturana9899,"Franco Parisi, es el m√°s preparado y capacitado para tomar las riendas del pa√≠s. Es un buen l√≠der, tiene adem√°s las ganas reales, y tambi√©n un equipo s√≥lido.",2025-11-13 17:50:09,LABEL_1,0.5029054284095764,Negativo,1.0,2
@Donhueas-x4y,Vamos subiendo los sueldos para los venezolanos y los pobres profesores que gannan 700 lukas que ?,2025-11-13 17:50:15,LABEL_0,0.5624369978904724,Negativo,0.0,1
@Francisco_CL-DE,"yo vivo en alemania y uno puede elegir la energia como dice kaiser, pero la energia viene de toda europa!!!.. en chile eso no se podria, las distancias son muy grandes!",2025-11-13 17:50:15,LABEL_0,0.5669439435005188,Negativo,0.0,6
@a-1-137,Kaiser y su rol en el Congreso mayo 2022 voto en contra de la expulsi√≥n de narcos extranjeros abril 2025 voto en contra de exigir a abogado de narcos que reporten sus ingresosdiciembre 2024 voto en contra de la creacion del ministerio de seguridad publicaabril 2025 no quiso votar en contra de endurecer las penas de arresto domiciliarioabril 2025 no quiso votar contra la prevencion de delitos por parte de los gobiernos regionalesenero 2025 voto en contra de la reforma de pensiones agosto 2022 voto en contra de la ley papito corazon abril 2025 voto en contra de la creacion del servicio nacional forestaly suma y sigue,2025-11-13 17:50:15,LABEL_0,0.5055192112922668,Negativo,0.0,1
@alexiscontreras4767,"Minuto 3.35 el mas preparado los demas puro humo., un crack",2025-11-13 17:50:15,LABEL_1,0.5390313863754272,Negativo,1.0,1
@donogkush8792,3:34 el. Momento m√°s √©pico del debate solo miren como se le. Deforma la cara a Matheyy y incluso. El. Profe artes se r√≠e de la. Brillante respuesta de Par√≠si,2025-11-13 17:50:15,LABEL_1,0.5623183250427246,Negativo,1.0,1
@donogkush8792,Tienen un doctor en econom√≠a y un mont√≥n de porros hablando de n√∫meros y ustedes no piensan votar por Par√≠si? De verdad se lo volver√°n a farrear?,2025-11-13 17:50:15,LABEL_1,0.5802749395370483,Negativo,1.0,2
@enunez8,meo es un burro queriendo pasar por brillante === CRINGE,2025-11-13 17:50:15,LABEL_0,0.5194491147994995,Negativo,0.0,1
@juanmr9541,"En Europa se hace lo que quiere hacer Kaiser y es mas barata por la competencia siendo la oferta y la demanda el fin, es el consumidor quien decide",2025-11-13 17:50:15,LABEL_0,0.5218801498413086,Negativo,0.0,5
@maicololivares3352,Hace 2 a√±os atr√°s el peaje de Puchuncavi estaba a 1450 y ahora a 1900,2025-11-13 17:50:15,LABEL_1,0.5366954803466797,Negativo,1.0,1
@mariofredes220,TUVIERON LA OPORTUNIDAD PARA ARREGLAR EL PAIS Y NO H ICIERON NADA,2025-11-13 17:50:15,LABEL_1,0.5783154368400574,Negativo,1.0,1
@rodrihogi,parisi se los come a todos,2025-11-13 17:50:15,LABEL_0,0.5016722083091736,Negativo,0.0,4
@sepuuuuuuuu,Las pol√≠ticas de la andante que se llama Michelle Bachelet..tiene lleno de extranjeros que por ley deben tener un cupo para trabajar aqu√≠ y tienen que internalizarlos a planta..esos extranjeros sacan la plata del pa√≠s...para la izquierda es m√°s f√°cil decir que la plata la sacan los millonarios del pa√≠s y la fuga de plata de los extranjeros es grand√≠sima y nadie toca eso,2025-11-13 17:50:15,LABEL_1,0.5020200610160828,Negativo,1.0,3
@sergiofajardo3620,Nuevamente dejando afuera a Parisi de fondo,2025-11-13 17:50:15,LABEL_1,0.5445984601974487,Negativo,1.0,1
@CarlosJara-b5d,"Estos candidatos no saben nada de econom√≠a , proponen subir sueldos aunque sean tres millones el sueldo b√°sico va a ser lo mismo , mientras no se controlen los precios , acu√©rdate de los 10 por ciento, la gente tuvo dinero y se lo llevaron , Sodimac y todos las grandes tiendas comerciales , y s√∫per mermecados porque nadie controla los precios de los productos , aunque el sueldo b√°sico sea de 10 millones siempre va a ser lo mismo",2025-11-14 17:50:09,LABEL_0,0.5108969211578369,Negativo,0.0,1
@Lenkiwi,kaiser o parisi. ...,2025-11-14 17:50:09,LABEL_1,0.5060480237007141,Negativo,1.0,1
@axop2051,"CU√ÅNTA HIPOCRES√çA DA CANDIDATA DO SISTEMA, JARA!!!POR QU√ä BORIC, LUN√ÅTICO, NO LO HIZO???",2025-11-14 17:50:09,LABEL_1,0.5276320576667786,Negativo,1.0,1
@ligiacid5575,"Yo les pregunto‚Ä¶ Se dan cuenta que en cada pregunta los candidatos de DERECHA‚Ä¶ ‚Äúdicen‚Ä¶NO TENER INFORMACI√ìN?, se dan cuenta que NUNCA dicen algo CONCRETO, DIRECTO‚Ä¶ dan vueltas y vueltas con las palabras para no decir NADA?. Y lamentablemente eso en los chilenos prende porque perdieron ser autocritico, entre el Oc√©ano y la Cordillera, Chile es CERRADO y no VEN al OTRO‚Ä¶ al OTRO a que tiene al lado‚Ä¶ a su familia, a sus vecinos, a sus compa√±eros de trabajo, menos pueden VER que pasa en los Pa√≠ses de fronteras VECINOS‚Ä¶ No se llevan bien con Per√∫, discriminan a Bolivia, envidian a Argentina por la baja autoestima que obviamente fomenta un pa√≠s que SOLO vende SERVICIOS como una ‚Äúbuena ECONOMIA‚Äù. En Chile Las PYMES sobreviven y SON las que m√°s trabajadores tienen, NO TENEMOS F√ÅBRICAS que son las que garantizan tener TRABAJO, no tenemos SINDICATOSy ORGANIZACIONES que nos DEFIENDAN de los ABUSOS y nos deja DESPROTEGIDOS. No tenemos ACCESO A tener un ABOGADO, O SEA‚Ä¶ A LA JUSTICIA, Muchos NO TIENEN ACCESO A LA SALUD , a una EDUCACI√ìN UNIVERSITARIA GRATUITA! Son las cosas‚Ä¶ por lo que los chilenos tenemos BAJA AUTOESTIMA‚Ä¶ ni siquiera con la ‚ÄúRojita‚Äù nos podemos sentir orgullosos realmente. Es HORA DE DESPERTAR CHILENOS! RUEGO QUE SEPAN METER BIEN EL VOTO! Y dejar de votar A la DERECHA RECALCITRANTE NEOLIBERAL que nos ha convertido en ESCLAVO ‚Ä¶ del mundo.",2025-11-14 17:50:09,LABEL_1,0.5423228144645691,Negativo,1.0,1
@nicolasmolinav2218,"El que no vota Parisi es muy aweonao, imposible no votarlo, es que hay que ser muy imb√©cil. Habla y los dem√°s aprenden para despu√©s ofrecer lo mismo, ya pas√≥ con Boric cuando le copi√≥ todo para la segunda vuelta, ahora Kast le copia lo de los beneficios",2025-11-14 17:50:09,LABEL_1,0.5050303936004639,Negativo,1.0,1
@pablocesararayaibarra1768,El pc freno todas las medidas que se necesitaban tomar contra la violencia en la araucania durante el gobierno de pi√±era,2025-11-14 17:50:09,LABEL_0,0.5610349178314209,Negativo,0.0,1
@rolandobarrera3487,De los5 el Astorga. Es el m√°s confiable.,2025-11-14 17:50:09,LABEL_1,0.5371333956718445,Negativo,1.0,1
@yulvymontilla8129,El gobierno en curso la subi√≥ y ella piensa bajarlo mentirassssssss jara mentirosa,2025-11-14 17:50:09,LABEL_0,0.5727282762527466,Negativo,0.0,1
@yulvymontilla8129,Expropiar la energ√≠a y nacionalizada el fracaso m√°s grande propuesto,2025-11-14 17:50:09,LABEL_0,0.5413519144058228,Negativo,0.0,1
@JonathanEspinoza36-r2i,Este pa√≠s hay dinero solo que est√° mal distribuido gente q gana millones por estar sentada como en el congreso por q no le bajan a ellos vi√°ticos y quer√≠a m√°s dinero para el pa√≠s para la gente q si lo necesita realmente el m√≠nimo en otr parte es 700 800 y sin tanta inflaci√≥n. Se vivir√≠a mejor para disfrutar no para sobrevivir hasta cuando lo mismo en este pais,2025-11-15 17:50:06,LABEL_0,0.5608739256858826,Negativo,0.0,1
@JonathanEspinoza36-r2i,Jara m√°s arreglada que la cresta,2025-11-15 17:50:06,LABEL_1,0.5417678952217102,Negativo,1.0,1
@JonathanEspinoza36-r2i,Jjj Kast cuando le preguntan para bajar la luz se hacen los buenas noches nunca quieren perder,2025-11-15 17:50:06,LABEL_1,0.5043299198150635,Negativo,1.0,1
@JonathanEspinoza36-r2i,Ominami no sabe lo q dice,2025-11-15 17:50:06,LABEL_1,0.5183783173561096,Negativo,1.0,1
@JonathanEspinoza36-r2i,Que mal que si suben los sueldos m√≠nimos bajen los empleos,2025-11-15 17:50:06,LABEL_1,0.5159139037132263,Negativo,1.0,3
@JonathanEspinoza36-r2i,Solo palabras vac√≠as no quieren ayudar al pa√≠s al agente que cuesta vivir el mes a mes si no que solo buscan adinerarse ellos mismos que lastima la verdad no me convence nadien quiz√° un poco kaiser q triste,2025-11-15 17:50:06,LABEL_0,0.508161723613739,Negativo,0.0,1
@carlesmaximilianum,Que verguenza de candidatos. Nada concreto puro humo. Ya valimos,2025-11-15 17:50:06,LABEL_1,0.502678632736206,Negativo,1.0,1
@doncatrermelanius,Franco esta es la tuya wn!!!!!,2025-11-15 17:50:06,LABEL_1,0.5278289914131165,Negativo,1.0,1
@pokasmastre0987,5:00 energia existe,2025-11-15 17:50:06,LABEL_1,0.5391184687614441,Negativo,1.0,1
@whisperino,"9:15 Chap√≥ al Profesor Art√©s, sin duda el mas entendido de econom√≠a y microeconom√≠a de los candidatos en el momento.",2025-11-15 17:50:06,LABEL_0,0.5445259809494019,Negativo,0.0,1
@irenerojas8165,Y de d√≥nde sacas los votos los comunistas si nadie quiere nada con ellos,2025-11-15 17:50:09,LABEL_1,0.5012820959091187,Negativo,1.0,1
@juannignaciogarcia,parisi 2026,2025-11-15 17:50:09,LABEL_1,0.5151405930519104,Negativo,1.0,1
@obertens,La energia es un monopolio natural... o si no estar√≠a lleno de cables por todos lados..,2025-11-15 17:50:09,LABEL_1,0.5403913259506226,Negativo,1.0,3
@paulacid3327,"No hablaron nada de dar trabajo a los discapacitados, a la discapacidad visual que es la m√°s abandonada, inserci√≥n laboral, inclusi√≥n, son s√≥lo palabras",2025-11-15 17:50:09,LABEL_1,0.5684317946434021,Negativo,1.0,3
@pedrosonnet,Ahora los comunistas Antichilenos est√°n preocupados de la econom√≠a,2025-11-15 17:50:09,LABEL_1,0.5129302740097046,Negativo,1.0,1
@s0apalexandeer33,"No voto por Artes, pero siendo extrema izquierda menos moderada que Jara le dio una clase de econ√≥mica b√°sica el alza de sueldo m√≠nimo no significa que se mejora la situaci√≥n econ√≥mica por que el alza de sueldo conlleva a alza de precios por aumento de costos de producci√≥n xD",2025-11-15 17:50:09,LABEL_1,0.5129787921905518,Negativo,1.0,1
@CarlosGuillermoTapiaaraos,Voy Por Jara Soy Dem√≥crata Cristiano pPD en Fin Quien Salga Al Final La Vida Sigue Igual,2025-11-16 17:50:01,LABEL_1,0.534736692905426,Negativo,1.0,1
@Catalinda-g3c,"JARA, ri√©ndose de los chilenos inocentes....no deber√≠an por regla permitir que vayan a mentir a los debates y adem√°s televisarlo y darle tribuna!",2025-11-16 17:50:01,LABEL_1,0.5397550463676453,Negativo,1.0,1
@Claudiasguayo,Don Augusto dego sin deuda Chile,2025-11-16 17:50:01,LABEL_1,0.5246444344520569,Negativo,1.0,2
@Claudiasguayo,Kast tiene raz√≥n el pa√≠s est√° malo recursos hay en chile el problema que se roban las plata de los municipios,2025-11-16 17:50:01,LABEL_1,0.5232387781143188,Negativo,1.0,1
@Claudiasguayo,No mas contribuci√≥n,2025-11-16 17:50:01,LABEL_1,0.5858271718025208,Negativo,1.0,1
@Claudiasguayo,Pero los trabajos est√°n todo en Santiago no en la Araucan√≠a,2025-11-16 17:50:01,LABEL_1,0.5241093039512634,Negativo,1.0,1
@Claudiasguayo,Todos los chilenos quieren trabajo no miceria,2025-11-16 17:50:01,LABEL_1,0.5178704261779785,Negativo,1.0,1
@VilmaBecerra-s4j,Que verg√ºenza cuando Kast dice que es su cuarto intento. Perdedor,2025-11-16 17:50:01,LABEL_1,0.5104342699050903,Negativo,1.0,1
@benjaminvaldivia8101,Artes esta fuera de la carrera esta,2025-11-16 17:50:01,LABEL_1,0.5480976104736328,Negativo,1.0,1
@benjaminvaldivia8101,"Ominami no tiene nada que hacer e n politica Chilena, que siga viviendo de la karen .",2025-11-16 17:50:01,LABEL_1,0.5202013850212097,Negativo,1.0,1
@deisimunoz3591,Con todo respeto ninguno enamora y ninguno tienen un buen planpsra chile,2025-11-16 17:50:01,LABEL_0,0.5266638994216919,Negativo,0.0,1
@deisimunoz3591,El candidato de las placas solares es importante pero una nueva planta idroelectrica es lo que necesitan,2025-11-16 17:50:01,LABEL_0,0.5903560519218445,Negativo,0.0,1
@deisimunoz3591,"Necesitan otra planta el√©ctrica as√≠ sean millones la necesitan,sus propuestas hacer a de la energ√≠a no enamoran",2025-11-16 17:50:01,LABEL_1,0.5492300391197205,Negativo,1.0,1
@deisimunoz3591,Parisis es coherente me interesa como se desenvuelve,2025-11-16 17:50:01,LABEL_0,0.5351714491844177,Negativo,0.0,1
@hardclan6381,Jajajajaj k√°iser no tiene idea de nada,2025-11-16 17:50:01,LABEL_0,0.5725865960121155,Negativo,0.0,1
@patricioquirozawa5103,"Astorga pregunta, no es periodista ni economista pero lee Wikipedia.",2025-11-16 17:50:01,LABEL_1,0.5386239886283875,Negativo,1.0,1
@pedroeliashernandez9983,"Mentirosa, que ha hecho el se√±or. Boris. No ha resuelto o rebajado ni el 1%.",2025-11-16 17:50:01,LABEL_0,0.5066083669662476,Negativo,0.0,2
@sandrapetit,Con K√°iser CHILE IR√Å AL HOYO con PARiSI CHILE se Acaba No sabe de Nada Peor que Boris Con JARA Ser√° Una Segunda CUBA,2025-11-16 17:50:01,LABEL_0,0.5024299621582031,Negativo,0.0,1
@sandrapetit,EL M√ÅS SERIO ES ANTONIO KAST,2025-11-16 17:50:01,LABEL_0,0.5507999658584595,Negativo,0.0,1
@sandrapetit,PINOCHE NO ROBO NING√öNA INDUSTRIA,2025-11-16 17:50:01,LABEL_1,0.5696566700935364,Negativo,1.0,1
@SantiagoRodriguez-wo4py,"15:15 En vez de preguntar cosas que podr√≠an aportar para mejorar las cosas en el pa√≠s el wn pregunta esa estupidez, los mismos periodistas generando peleas entre los candidatos",2025-11-16 17:50:06,LABEL_0,0.5026806592941284,Negativo,0.0,1
@Sarz7cvx,"3:20 (contexto) Como siempre, Parisi humillando a los candidatos flojos y lerdos.PARISI PRESIDENTE",2025-11-16 17:50:06,LABEL_1,0.5624979138374329,Negativo,1.0,3
@SebastianMiranda-r4i,Kaiser porque a √∫ltima hora agregaste lo que Parisi a propuesto del principio de reducir operadores pol√≠ticos,2025-11-16 17:50:06,LABEL_1,0.5188656449317932,Negativo,1.0,1
@javiera.grandonp.1003,Jara miente temporera si no conoce ni la fruta que tomaba,2025-11-16 17:50:06,LABEL_1,0.5276324152946472,Negativo,1.0,1
@javiera.grandonp.1003,Nos falta un bukele en chile,2025-11-16 17:50:06,LABEL_1,0.5340244174003601,Negativo,1.0,1
@josehenriquez3118,"Johannes K√°iser Futuro Presidente de Chile es una eminencia tiene una inteligencia que est√° sobre todos los postulantes a la Presidencia, Por Eso voy a Votar por JOHANNES K√ÅISER PARA PRESIDENTE DE CHILE VIVA JOHANNES K√ÅISER FUTURO PRESIDENTE DE CHILE.",2025-11-16 17:50:06,LABEL_0,0.5499488711357117,Negativo,0.0,1
@marcelaflandes6802,"Me da pena como los chilenos por ignorancia/desinformaci√≥n/flojera no entienden c√≥mo funciona el proceso para hacer/modificar una ley. El/la presidente no es un monarca con derecho absoluto y no puede hacer lo que se le plante la raja xd Adem√°s, me sorprende la falta de amor a la patria, su medio ambiente y nuestra tierra. Este pa√≠s es un tesoro pero los chilenos se lo regalamos a cualquier chanta vende humo hijo de papi ‚Äç",2025-11-16 17:50:06,LABEL_1,0.5254351496696472,Negativo,1.0,1
@rulayogkush,Parisi el mas capacitado al cargo,2025-11-16 17:50:06,LABEL_1,0.550324559211731,Negativo,1.0,2
@sandrapetit,Esa Jara Quiere hacer todo lo que hay en Ciba Ortar la Luz para ahorrar En Cuba se corta la LUZ A cada Rato y El Agua Pobres Chilenos Con la Candidata JARA Mucho Cuidado o ser√° Una SEGUNDA CUBA,2025-11-16 17:50:06,LABEL_1,0.5927282571792603,Negativo,1.0,1
@senerysoro,"Hoy v√≠ una animaci√≥n con IA en versi√≥n bebes de este debate, y ahora no puedo de la risa,",2025-11-16 17:50:06,LABEL_0,0.5270651578903198,Negativo,0.0,2
@HamburguesaElegante_796md,Todav√≠a estoy esperando el remake del tutorial de Parisi de como hacer un panel solar..,2025-11-17 17:49:54,LABEL_1,0.5350586175918579,Negativo,1.0,1
@PS-xb9hc,"Chile no puede mantener a la gente gratis! debe haber mas empleos, mejor paga y servicios mas accequibles! Basta de inmigracion ilegal! Basta de regalar cosas y dinero sin trabajar por ello..De donde sacaron esas mentiras? Del comunismo! Puras palabras y miseria Segura!",2025-11-17 17:49:54,LABEL_1,0.5488542914390564,Negativo,1.0,1
@Roberto-e9e1u,Comentarios ignorantes.,2025-11-17 17:49:54,LABEL_1,0.6313990950584412,Negativo,1.0,1
@YinettUlbrich,"Ojal√° gan√© el que pueda levantar chile ,vamos contigo Johannes Kaiser presidente",2025-11-17 17:49:54,LABEL_0,0.5422285795211792,Negativo,0.0,1
@edgardsalamanquez7514,"FUERA EL COMUNISMO DEL MUNDO, MAL LLAMADO SOCIALISMO DEL SIGLO XXI,FUERA.",2025-11-17 17:49:54,LABEL_1,0.5577564835548401,Negativo,1.0,1
@edgardsalamanquez7514,PARISI CON SU DECLARACION A FAVOR DE CHINA SE LE VIERON LAS COSTURAS DE TENDENCIA IZQUIERDISTA.,2025-11-17 17:49:54,LABEL_1,0.5524794459342957,Negativo,1.0,1
@lasalvaci√≥ndelalmaespersonal,Que pobre nivel de candidatura hay hoy en Chile.,2025-11-17 17:49:54,LABEL_1,0.5158600211143494,Negativo,1.0,1
@mariaeugeniareyeshernandez9455,"La multitud de personas que trabajan en las compa√±√≠as de electricidad ,tiene un mont√≥n de kilowat horas gratis y gastan muchicimos pero pagan poco por lo menos era as√≠ a√±os atr√°s",2025-11-17 17:49:54,LABEL_0,0.5112429857254028,Negativo,0.0,1
@marianelaaraneda6750,Kayser nunca ha pisado una poblaci√≥n no tiene idea,2025-11-17 17:49:54,LABEL_0,0.5593369603157043,Negativo,0.0,1
@martaorellana1813,"Kaiser no cacha nada, Austria tiene Estado de bienestar. No era que Chile era ""libre mercado""?? Jahaja puro monopolio!",2025-11-17 17:49:54,LABEL_0,0.5562803149223328,Negativo,0.0,1
@monicamolina7216,"Pienso igual , ahora porqu√© parisi no es un poco humilde y apoya a uno de los ganadores de la segunda vuelta, K√°iser lo hizo pidi√≥ apoyar al otro. Estar√° tratando de negociar su apoyo?.",2025-11-17 17:49:54,LABEL_0,0.5944133996963501,Negativo,0.0,1
@mony7495,NO Gobierno FASCISTA!!!!!!!,2025-11-17 17:49:54,LABEL_1,0.5353779792785645,Negativo,1.0,1
@romeo0072012,"Kast tiene q ganar, ya q el tiene un perfil igual q bukele",2025-11-17 17:49:54,LABEL_1,0.5032759308815002,Negativo,1.0,1
@santandervega853,Gracias jara sigamos a delnte tu eres primera los demas son .segunfo y tercero,2025-11-17 17:49:54,LABEL_1,0.5184001326560974,Negativo,1.0,1
@AngelGatica-wm6ml,Kast ya es un hecho que devolver√°n lo que cobraron de m√°s.,2025-11-18 17:49:54,LABEL_0,0.5132596492767334,Negativo,0.0,1
@MonicaRojas-g5u,Todos ablam maravillas ser√≠a genial si fuera verdad,2025-11-18 17:49:54,LABEL_0,0.5264666080474854,Negativo,0.0,2
@FranciscoVeliz-w5w4l,"Bajenles El sueldo a estos Patriots que quieren ser presidentes,,a No Ma√ü de 5 millones...Para Lo que trabajan. Y saben,,ya es mucho,,,veremos Si aun tienen ganas. De ser. Politicos. Patriots...",2025-11-19 17:49:54,LABEL_0,0.5225427150726318,Negativo,0.0,1
@JavierQuintana-p8v,"cada uno de los candidatos deberian ir a un ministerio, parisi a economia , artes a cultura , kast a seguridad, harold vinches deporte, jara al del trabajo, Meo al ciencia y tecnologia , kaiser mmmm le falta 4to medio",2025-11-19 17:49:54,LABEL_0,0.646808922290802,Negativo,0.0,1
@MonicaRojas-g5u,Nadie abla de mejor las pensiones pero para todos i no sea para algunos porq avemos muchas personas q vivimos de una pensi√≥n porque no podemos trabajar asiq eso q Disen de subir los sueldos bendiciones para si pueden trabajar,2025-11-19 17:49:54,LABEL_1,0.5124679803848267,Negativo,1.0,2
@matias2736,Comentan lo de artes a Jara y no entendieron lo que dijo realmente. el quiere nacionalizar el cobre y el litio. Cosa a la que la derecha dura jam√°s acceder√≠a,2025-11-19 18:49:54,LABEL_1,0.508012592792511,Negativo,1.0,1
@AlejandroGuzman-bi4wg,Est√° arreglado,2025-11-17 23:56:21,LABEL_1,0.5675672888755798,Negativo,1.0,1
@AlejandroGuzman-bi4wg,Ten√≠a que haber ganado Parisi.hicieron trampa,2025-11-17 23:56:21,LABEL_1,0.520073652267456,Negativo,1.0,1
@Aur√©lio-r5u,"Con o sin los votos del metido a gur√∫ de parisi ,kast igual va a vencer las elecciones, es que esta gente idi‚Ä¶a de Chile le llenan tanto la bola a este parisi !! Este es apenas un apenas y nada m√°s que eso",2025-11-17 23:56:21,LABEL_0,0.5445687174797058,Negativo,0.0,1
@CarlosAndresCortez,"Si Kast no gana Chile se va a la m‚Ä¶. Despu√©s de Boric , Bachelet y cu√°nto incapaz a gobernado el pa√≠s est√° irreconocible",2025-11-17 23:56:21,LABEL_1,0.584906816482544,Negativo,1.0,1
@KathyRoss,"No entiendo como la gente puede ser tan ilusa y seguir creyendo en pol√≠tica, no existe ning√∫n pol√≠tico que no sea mentiroso, lo que hay que hacer es dejar de ir a votar para colapsar el sistema y forzar que realmente nos pongan candidatos que valgan la pena y solo entonces ir a votar, sin votantes no pueden hacer elecciones, el poder esta en el pueblo y no en estos mentirosos.",2025-11-17 23:56:21,LABEL_1,0.5452989935874939,Negativo,1.0,1
@PaolaXimena-i5o,"HolaQue lata y que desilucion.La gente ya no quieren m√°s derecha e izquierda,.Me da mucha tristeza que no sea presidente Parisi,a √©l le robaron los votos El presidente,ves el presidente que Chile y los Chilenos queremos.Robo de votos, se paseaban y se paseaban con las cajas con los votos.",2025-11-17 23:56:21,LABEL_1,0.5131737589836121,Negativo,1.0,1
@go-iy1kv,Ahora todos con Kast,2025-11-17 23:56:21,LABEL_0,0.5159648656845093,Negativo,0.0,3
@joacalele123,Desesperada por los votos JaritaAhora quiere recopilar todas las ideas jajajajajajaja,2025-11-17 23:56:21,LABEL_0,0.5580460429191589,Negativo,0.0,1
@juanespinozavaldes4757,"-- ESTA VEZ HAN GANADO LOS INDECISOS ,LOS TEMEROSOS Y LOS QUE NO ENTIENDEN MUY BIEN EL ASUNTO. NO LOGRAN DARSE CUENTA QUE LA DERECHA ES SINONIMO DE RIQUEZA Y PODER SOBRE EL INDEFENSO . A LOS ULTRADERECHISTAS SOLO LES PREOCUPA GANAR Y AUMENTAR EL DINERO QUE POSEEN . A LA DERECHA NO LE IMPORTA ESA FAMILIA QUE VIVE CON CARTONES AL LADO DE UN RIO O JUNTO A LA INMUNDICIA. A LA ULTRADERECHA REPUBLICANA PINOCHETISTA Y CON SABOR A DICTADURA NO LE IMPORTA LAPOBREZA NI EL SUFRIMIENTO . SOLO LO MENCIONAN EN SUS FALSOS DISCURSOS . GENTE DEL PUEBLO .... NO TRAICIONEMOS TANTOS A√ëOS DE LUCHA QUE LA IZQUIERDA HA DADO CONTRA LA INHUMANA DERECHA . NO TRAICIONEMOS A TANTA GENTE QUE HA REGALADO SU VIDA POR CONSEGUIR UNA MEJOR CALIDAD DE VIDA PARA LA GENTE POBRE . NO TRAICIONEMOS AL PRESIDENTE SALVADOR ALLENDE . UN HOMBRE DE PALABRA QUE CUMPLIO , CUANDO EL MALDITO 11 DE SEPTIEMBRE SALIO DE MADRUGADA DESDE SU HOGAR CON SU UNIFORME , SU CASCO Y METRALLETA A DEFENDER LA VOLUNTAD DEL PUEBLO QUE LO ELIGIO . FUE A ENTREGAR SU VIDA AL LUGAR DE LOS HECHOS Y NO A ARRANCAR COMO RATAS A ESCONDERSE VEINTE METROS BAJO TIERRA Y DESDE AH√ç DAR LAS ORDENES . PUEBLO CHILENO NO CAVEN SU TUMBA . NO SACARAN NADA CON LLORAR QUE LES QUITARON ESTO Y LO OTRO . A LA DERECHA SOLO LES IMPORTA SUS INTERESES ECONOMICOS Y SUS AFP QUE DAN MILLONES Y MILES DE MILLONES DE GANANCIAS. -- DEBEMOS UNIRNOS Y SIN MIEDO DEMOS ,POR ULTIMO, LA ULTIMA OPORTUNIDAD A LA IZQUIERDA.-",2025-11-17 23:56:21,LABEL_1,0.5565199851989746,Negativo,1.0,1
@julioalamo3197,"Voten a conciencia pueblo de Chile ,si eligen uno de derecha van a terminar como Argentina",2025-11-17 23:56:21,LABEL_1,0.554227888584137,Negativo,1.0,1
@nari-b1h,"HABLAR NO CUESTA NADA, Y COPIAR MENOS !!!!!!! ES UNA INUTIL",2025-11-17 23:56:21,LABEL_1,0.5613874793052673,Negativo,1.0,1
@ritadaniels1334,FRAUDE,2025-11-17 23:56:21,LABEL_1,0.5459518432617188,Negativo,1.0,1
@undergroundx12,EL QUE QUIERA QUE ESTE PA√çS SE TRANSFORME EN UN PA√çS..... BANANERO...QUE VOTE POR LA TEMPORERA....,2025-11-17 23:56:21,LABEL_0,0.552793025970459,Negativo,0.0,1
@veronicacaceres3195,Kast presidente un hombre con educaci√≥n respetuoso que pondr√° mano dura a los delincuentes.,2025-11-17 23:56:21,LABEL_1,0.5316008925437927,Negativo,1.0,2
@50.Coyeeyo,AHORA VIENE. LA CAMPA√ëA DEL TERROR DE LA DERECHAS PARA CREAR CAOS Y LOS CANALES DE TELEVISION SE ENCARGAN DE DIFUNDIRLA.,2025-11-17 23:56:25,LABEL_1,0.5329654812812805,Negativo,1.0,2
@AbrahamOsall,Parisi ya fuiste jjajajajajjajajajajajjajajajajajjajajajajajajajjajaa,2025-11-17 23:56:25,LABEL_1,0.5278348326683044,Negativo,1.0,1
@AlejandroAhern,Jara debe renunciar y ceder su lugar a Franco Parisi,2025-11-17 23:56:25,LABEL_1,0.549994945526123,Negativo,1.0,1
@BanqueroGamer,"Kast con Kaiser y Matthei y con gente preparada y adecuada para posiciones claves en un futuro gobierno. Jara con puros teletubies, tremenda diferencia.",2025-11-17 23:56:25,LABEL_1,0.5152866244316101,Negativo,1.0,3
@Jess-vp1xm,No queda otra que votar por lo menos malo... De nuevo,2025-11-17 23:56:25,LABEL_1,0.5129894614219666,Negativo,1.0,1
@MiPrincesawanda,KAISER ES EL PRESIDENTE PARA UN PAIS VALIENTE NO PARA UNO CASTRADO.,2025-11-17 23:56:25,LABEL_0,0.5009041428565979,Negativo,0.0,5
@danielaguerrachavarriga6571,CORTAN LA SERIE QUE PASA AQUI,2025-11-17 23:56:25,LABEL_1,0.5895689129829407,Negativo,1.0,1
@danielaguerrachavarriga6571,"HAY FRAUDE, SE DEBE DE REPETIR YA QUE ALGO RARO HAY, COMO HAN CONTADO TAN RAPIDO LOS VOTOS , LA GENTE NO VEE LO QUE PASA ENTREMEDIO, ESTO ES RSRISIMO, DEBE HACERSE DE NUEVO Y SUPERVISADO POR MILITARES, NO ME CUADRA",2025-11-17 23:56:25,LABEL_1,0.5811168551445007,Negativo,1.0,1
@danielaguerrachavarriga6571,INCLUSO COLOVAR GRABADORAS EN LAS SALAS Y SUPERVISORES,2025-11-17 23:56:25,LABEL_1,0.5468495488166809,Negativo,1.0,2
@danielaguerrachavarriga6571,PORQUE SACAN LOS NUMEROS DE LOS VOTOS,2025-11-17 23:56:25,LABEL_1,0.5780983567237854,Negativo,1.0,1
@dustsans935,si gana jara el pais se va ala mierda y mas va aver un golpe de estado yo digo no mas,2025-11-17 23:56:25,LABEL_0,0.5233796238899231,Negativo,0.0,1
@jaimevenegas8797,Todos LOS Q DICEN √âL VOTO ES SECRETO SON AMARILLOS COMO VIDAL Y LOS FERIANOS,2025-11-17 23:56:25,LABEL_1,0.5058026313781738,Negativo,1.0,1
@joseemilionavarretepalomin9098,"Considero que Jara no debe presentarse a la segunda vuelta, ser√≠a de sentido com√∫n. Nos evitamos gastos y p√©rdida de tiempo. C√≥mo dice el dicho engordar para morir flaca.Los kakamierda han ganado y se proyectan para largo. Es como ver la obra de teatro del ictus, se vende lindo pa√≠s con esquinacon vista al marKast y Kaiser contra los migrantes y vienen de migrantes. A un buen fascista estos tipejos les producen repulsa.Viviremos en un estado policial o una dictadura civil, ya que ambos kaka se√±alaron en sus discursos y presentaciones que se puede gobernar por decreto. √ìrdenes ejecutivas le llama el color√≠n del norte.Debemos ver el lado bueno: rebajas de impuestos, congelaci√≥n de salario m√≠nimo. Licitar los pocos recursos nacionales que no est√°n en manos de privados, ir por la jornada de 12 horas laborales como en grecia, prohibir las huelgas, las protestas. Jibarizar al estado.",2025-11-17 23:56:25,LABEL_0,0.5283481478691101,Negativo,0.0,1
@juanmaltes6163,Ni auke le Chupi la ‚Äçüü´ al parizi te alcanza los votos,2025-11-17 23:56:25,LABEL_1,0.5520875453948975,Negativo,1.0,1
@mactbx-zs6ql,"Hace 11 a√±os viv√≠a en un pa√≠s de Centroam√©rica, donde ingres√© a un grupo de misioneros cat√≥licos. Desde ese tiempo, entre ellos se hablaba de que se avecina una guerra en el mundo, entre otras cosas.Desde entonces, he pensado que Chile deber√≠a prepararse para algo as√≠. Sinceramente, compadezco a quien resulte elegido presidente, porque no le tocar√° un periodo f√°cil.",2025-11-17 23:56:25,LABEL_1,0.5413055419921875,Negativo,1.0,2
@patriciomunoz5272,nan,2025-11-17 23:56:25,LABEL_1,0.5419405102729797,Negativo,1.0,1
@rasdios_sol4244,"Ja ja ja no se cuando los pol√≠ticos han escuchado a la gente cuando se han adue√±ado del pa√≠s y hacen lo que quieren , total saben que los borregos igual van a votar por ellos",2025-11-17 23:56:25,LABEL_1,0.5755031108856201,Negativo,1.0,1
@remark9902,"Apenas terminado uno de los debates en tv abierta, recuerdo un ""analista"" que met√≠a a Parisi al saco de Art√©s, Meo y Harold como ""candidatos no competitivos"" que entorpec√≠an y desviaban votos, lo encontr√© est√∫pido y desconectado del mundo esa vez, pero esa es una se√±al de la burbuja en la que estaban muchos. Prefer√≠a mil veces que la 2da vuelta sea un Parisi vs Jara, y que ah√≠ gane el que tenga que ganar, a lo que termin√≥ ocurriendo...",2025-11-17 23:56:25,LABEL_1,0.5569879412651062,Negativo,1.0,3
@rosemeneesteve7417,Hola,2025-11-17 23:56:25,LABEL_1,0.5355207324028015,Negativo,1.0,1
@trytomas,"Parisi ten√≠a ideas y las dijo, Kast puro humo y culpando al gobierno, repitiendo como loro. Debi√≥ pasar Parisi a segunda con Jara.",2025-11-17 23:56:25,LABEL_1,0.5738685727119446,Negativo,1.0,1
@Carol-Denisse8623,"Todos son vendidos a la ONU sobre todo Kast, para que decir de Jara. Algunos con poner propuestas Europeas que estan a a√±os luz de Chile, otros liberar a wns asesinos y poner mas estatuas si ya estamos hasta la mierda con Allende, Pinochet y aburridos de wns que llevan muchos a√±os calentitos bajo tierra , otros ingresar a m√°s inmigrantes a toda costa y lo otro quitar la manera de defenser de los carabineros, ellos van a tener que defender a los ciudadanos con el chipote chillon a lo Chapulin colorado ya que los ladrones, sicaros y otros son delicados para algunos candidatos. Debemos mirar hacia adelante con propuestas posibles y que no prometan tantas estupideses para sacar m√°s votos.",2025-11-17 23:56:31,LABEL_0,0.5130138993263245,Negativo,0.0,5
@Demoplayy,"Si sale jara est√° claro que ser√° igual o peor que el presente actual, la gente poco informada vota por qu√© candidato que tiene m√°s ruido y cuentos lamentablemente",2025-11-17 23:56:31,LABEL_1,0.5064266920089722,Negativo,1.0,4
@Isml-f4q,"La gente sigue pensando que esto funciona como un partido de f√∫tbol, donde todos juegan para el mismo equipo. El presidente puede proponer o decir muchas cosas pero existen diputados, senadores, comisiones y procedimientos que intervienen. No depende de una sola persona, y mucho menos se mueve con la misma velocidad o direcci√≥n que la gente imagina y por eso esto se fue a extremos, es mejor una extensi√≥n del gobierno de boric antes que tener al ignorante de kast como presidente, la verdad es que no habr√°n grandes cambios salga quien salga",2025-11-17 23:56:31,LABEL_0,0.5286697149276733,Negativo,0.0,1
@KevinCeledon-s3z6k,Ah√≠ que bonito,2025-11-17 23:56:31,LABEL_1,0.6196562051773071,Negativo,1.0,1
@MagalyRoxanaJaramilloCanci-x8s,"FRAUDE HNOS LA IZQUIERDA ESTA NORMALIZADA DE ROBAR, MENTIR CON TOTAL IMPUNIDAD , ES AHORA QUE DEBEMOS LEVANTAR LA VOZ. MA√ëANA NO DEJARAN GOBERNAR A KAST EL LUMPEN Y TERRORISMO",2025-11-17 23:56:31,LABEL_1,0.567750096321106,Negativo,1.0,1
@alexgallardo1980,El.Unico Punto Clave.. FRAUDE ELECTORAL y los canales de televisi√≥n Coludidos por el Silencio,2025-11-17 23:56:31,LABEL_0,0.5219488739967346,Negativo,0.0,1
@bernarditaramirezalvear3990,Periodista comunista,2025-11-17 23:56:31,LABEL_1,0.5718333721160889,Negativo,1.0,1
@claudiaguerrerobernal8201,LLAMADO A AMARILLOS A TRANSPARENTAR SU APOYO A LA 2 VUELTA,2025-11-17 23:56:31,LABEL_1,0.5491292476654053,Negativo,1.0,1
@hashisero,harto fachin pobre. harto bot por aca <3,2025-11-17 23:56:31,LABEL_1,0.5335260629653931,Negativo,1.0,1
@ivanrodrigozunigabeccerra6870,"Ojo que hubo fraude electoral hay v√≠deos viralizados , en t√≠k-tok y otras plataformas y de eso nadien habla.",2025-11-17 23:56:31,LABEL_1,0.5140472054481506,Negativo,1.0,1
@jaquelinemartinez5318,"Esto es un juego de estrategia...tienen que ponerle suspenso a esta primera elecci√≥n.No pierdan la esperanza ABAJO EL COMUNISMOLa Jarra no tiene IDEA DE NIUNA WUEA, ANDA PURO RESCATANDO IDEAS porque no tiene CEREBRO",2025-11-17 23:56:31,LABEL_1,0.5228396058082581,Negativo,1.0,2
@jorgedaniel7997,"COLGARSE DE LOS PROYECTOS DE LOS OTROS CANDIDATOS, TIPICO COMUNISTA",2025-11-17 23:56:31,LABEL_1,0.5644180774688721,Negativo,1.0,1
@juanmaltes6163,Chaooo perdiste ya,2025-11-17 23:56:31,LABEL_1,0.5234343409538269,Negativo,1.0,1
@marcelovillagran6366,",.,el Punto Clave es que MILLONES de chilenos votaron democraticamente por la PORQUERIA anti democratica Comunista... la solucion es... Dividir Chile en DOS... Chile Norte para todos los que gustan de un Estado gigante protector que les regale Todo ... y Chile Sur, para los PATRIOTAS de trabajo y familia que NO NECESITAN del Estado para comer y vivir....",2025-11-17 23:56:31,LABEL_0,0.5001790523529053,Negativo,0.0,1
@nancymurillo4728,Apoyar ha kas fuera l9s zurdos,2025-11-17 23:56:31,LABEL_0,0.5356485247612,Negativo,0.0,1
@osepulvedao,la wna care raja,2025-11-17 23:56:31,LABEL_0,0.5405778288841248,Negativo,0.0,1
@soniabarreraflores2405,llo a pollo antoino,2025-11-17 23:56:31,LABEL_1,0.5291516184806824,Negativo,1.0,1
@soniabarreraflores2405,por que la jara escegi conmo segil con el mimo presidente quetenemo que no aecho nada bueno por el pai lajara es como el bori,2025-11-17 23:56:31,LABEL_0,0.5205091834068298,Negativo,0.0,1
@soniabarreraflores2405,quero conmo presidente en chile al mejoro como antonio casi,2025-11-17 23:56:31,LABEL_0,0.5099452137947083,Negativo,0.0,1
@svgclinicadental2983,Parece que le sacaron los votos de Kaiser para darselos a Parisi.Ser√≠a bueno un reconteo.,2025-11-17 23:56:31,LABEL_1,0.5671178698539734,Negativo,1.0,1
@ArthurVerlaine615,"Toda mi familia y amigos votamos por Parisi y Matthei para frenar a Kast, ahora todos votaremos por Jara, como dijo Parisi jam√°s un cuico de extrema derecha puede ser presidente en Chile, ser√≠a nefasto Chile se volver√≠a un infierno.",2025-11-17 23:56:35,LABEL_0,0.5615079998970032,Negativo,0.0,10
@CEHPLAY,"mi opinion fraude electoral, cadem servel las encuestas todo manipulado para jugar con laa opinon publica por que a parisi le daban 4%",2025-11-17 23:56:35,LABEL_0,0.5397544503211975,Negativo,0.0,1
@Fungi1997,La gente es weona y van a votar por kast. Pa√≠s de decepciones sin fin wn.,2025-11-17 23:56:35,LABEL_1,0.5215439796447754,Negativo,1.0,1
@MaryMedina-e9k,"CRISTO PARA CHILE,SOLO MI SE√ëOR PUEDE LEVANTAR UN REY SEG√öN SU MISERICORDIA,DIOS TENGA MISERICORDIA DE ESTA MI PATRIA Y LA LEVANTE PARA SU GLORIA.",2025-11-17 23:56:35,LABEL_1,0.5387110710144043,Negativo,1.0,2
@MaryMedina-e9k,"POR CIERTO,UFFFF,COPIANDO LAS TAREAS",2025-11-17 23:56:35,LABEL_1,0.5728646516799927,Negativo,1.0,4
@aldoviacava5429,"Ahora se viene el gobierno facista, se vienen las juventudes alemanas, los bailes de huasos en las empresas, adi√≥s las 40 horas, chao ley Karin, chao leyes laborales, jubilaci√≥n a los 85 a√±os para hombres y 75 mujeres, chao ley de divorcio, ese es mi Chile.",2025-11-17 23:56:35,LABEL_1,0.5188309550285339,Negativo,1.0,1
@alfredogomez1613,Vamos por kast!! Por favor ! La jara va quedar la embarrada,2025-11-17 23:56:35,LABEL_0,0.5024917721748352,Negativo,0.0,1
@axxxel3288,"La salud esta como la mierda en chile, y si sale jara seguir√° siendo igual a a aaaaaaa",2025-11-17 23:56:35,LABEL_1,0.5019250512123108,Negativo,1.0,4
@cpt.genechi,"Puntos claves: los ""analistas politicos"" que invitan no sirven para nada y las encuestas son solo humo... Fin",2025-11-17 23:56:35,LABEL_1,0.5216330289840698,Negativo,1.0,1
@eliasherreralmonacid,Por fin la izquierda se va,2025-11-17 23:56:35,LABEL_1,0.5051809549331665,Negativo,1.0,1
@froilan7503,Esa es igual que Ch√°vez Fidel y otros prometen a los pobres y los hacen m√°s pobres yo soy cubano y conosco las promesas,2025-11-17 23:56:35,LABEL_1,0.5476198792457581,Negativo,1.0,1
@froilan7503,Si quieren miseria y falsas promesas voten por esa cara dura yo si se lo que es socialismo que pa√≠s es pr√≥spero con socialismo ninguno,2025-11-17 23:56:35,LABEL_1,0.5440000295639038,Negativo,1.0,9
@froilan7503,Socialismo y mierda es lo mismo miren Venezuela. Creyeron en Ch√°vez y viven en miseria,2025-11-17 23:56:35,LABEL_1,0.5954434275627136,Negativo,1.0,1
@froilan7503,Yo soy cubano y el socialismo es asco me tuve que ir para salvar a mis hijos que ni leche ten√≠an cuando ni√±o,2025-11-17 23:56:35,LABEL_0,0.5054966807365417,Negativo,0.0,1
@hugocordero4793,Jara y el Borig solo gobiernan para el 30%de comunistasY no les gusta chileSolo quieren el recurso,2025-11-17 23:56:35,LABEL_1,0.5397178530693054,Negativo,1.0,4
@lilarojas6656,Boris no hizo nada Ocea jara no va a ser Nada ?No queremo lo mismo ..,2025-11-17 23:56:35,LABEL_1,0.5416372418403625,Negativo,1.0,2
@marianefontechen3794,SI PARESI ES INTELIGENTE APOYARA A KAST ES LA UNICA FORMA DE SALVAR ESTE PAIS Y SI SMA TANTO A CHILE COMO DICE APOYARA A KAST,2025-11-17 23:56:35,LABEL_1,0.6477068662643433,Negativo,1.0,1
@marisolcespedes8607,"Quienes apoyan a Kast, tienen que denostar para expresarse. No habla bien de ustedes.",2025-11-17 23:56:35,LABEL_1,0.5226235389709473,Negativo,1.0,1
@mrlink1312,"Puede que la desinformaci√≥n y el control de los poderosos, a trav√©s de los medios y las mentiras de la derecha ganen esta vez, pero m√°s temprano q tarde los resultados hablar√°n por s√≠ mismos, y el pueblo saldr√° a las calles otra vez. El pueblo sin memoria est√° condenado a repetir los mismos errores",2025-11-17 23:56:35,LABEL_1,0.5129140019416809,Negativo,1.0,2
@silviaalvarado6167,Kast porsupuesto presidente chile no√≥oo m√°s comunista,2025-11-17 23:56:35,LABEL_1,0.5425888895988464,Negativo,1.0,1
@AmericaGrande-k7b,CHILE.. !!!,2025-11-17 23:56:40,LABEL_1,0.5763982534408569,Negativo,1.0,3
@ElCorsariox,"Se han dado cuenta que la gente mas inteligente es de centro izquierda? La derecha solo apela al miedo y la ignoracia, sin ideas, sin proyecto, solo ataques, no quieren lo mejor para Chile, quieren lo mejor para su propio bolsillos",2025-11-17 23:56:40,LABEL_1,0.5892947912216187,Negativo,1.0,1
@FernandoDiaz-dz7xt,CAGO EL CHE COPETE,2025-11-17 23:56:40,LABEL_1,0.6013409495353699,Negativo,1.0,1
@Hav666,"Van a votar por el √∫nico que estuvo en contra de la ley cholito, el √∫nico que no quiso devolver la plata de los cobros le luz excesivo, fuimos wenos, chile pa√≠s de wns.",2025-11-17 23:56:40,LABEL_1,0.5472128987312317,Negativo,1.0,1
@HectorAntonioBurgosFilla,"No votar√© nunca por JARA, CHILENOS DESPIERTEN QUIEREN UN PAIS COMO CUBA, COMO VENEZUELA ESO QUIEREN ... KAST NO HAY OTRO AHORA.",2025-11-17 23:56:40,LABEL_1,0.5206252336502075,Negativo,1.0,9
@JorgeSaez-g6i1t,El problema que ah√≠ quien apoya a estas personas comunistas son los que quieren vivir del cuento y a la vez no le interesa la democracia y los que apoyan al conservador es porque quieren un chile pr√≥spero y mejorar su econom√≠a dom√©stica,2025-11-17 23:56:40,LABEL_0,0.5609212517738342,Negativo,0.0,1
@NellyCampos-r4w,Jara presidenta,2025-11-17 23:56:40,LABEL_0,0.5019869804382324,Negativo,0.0,1
@NellyCampos-r4w,Vamos jara presidenta,2025-11-17 23:56:40,LABEL_0,0.5103743076324463,Negativo,0.0,1
@NellyCampos-r4w,Y como pueden votar por un nazi que no iso nada por la jente cuando estaba en el poder solo rechasaba todo,2025-11-17 23:56:40,LABEL_1,0.5073807835578918,Negativo,1.0,2
@YOELPIXULA666,"EN EL UNICO MOMENTO QUE PUEDE DEFENDER SU CAMPA√ëA Y PROYECTO, EL KAKAS DECIDE HABLAR DE JARA Y BORIC, COME PORONGA",2025-11-17 23:56:40,LABEL_1,0.5491425395011902,Negativo,1.0,1
@andresopazo-bz5ri,no al nazismo !!! por chile libre y diverso,2025-11-17 23:56:40,LABEL_1,0.5225539207458496,Negativo,1.0,1
@antonietamunozlegue7922,Debiera hacer su campa√±a sumando y restando en hablar en contra de la otra candidata.,2025-11-17 23:56:40,LABEL_0,0.5293465852737427,Negativo,0.0,1
@berlinmagaproducciones3838,"Desde Berlin apoyamos a Jeannete Jara, mujer, inteligente y muy preparada para gobernar.",2025-11-17 23:56:40,LABEL_1,0.5351375937461853,Negativo,1.0,1
@bixocrackerkey227,Preferible kas porque muy bonito que el sueldo suba pero por oferta y demanda las cosas subir√°n y eso dejar√° a chile en la ruina en econom√≠a y m√°s si la econom√≠a ya est√° mal,2025-11-17 23:56:40,LABEL_1,0.5010690689086914,Negativo,1.0,9
@buscadoryt4321,Va a ganar Kast,2025-11-17 23:56:40,LABEL_0,0.5255924463272095,Negativo,0.0,5
@franciscomirandasuarez166,cero posibilidad JARA.....ser√° un testimonio...,2025-11-17 23:56:40,LABEL_0,0.5407599806785583,Negativo,0.0,9
@jerefuenzalidab,Cobreloa J.A. Kast,2025-11-17 23:56:40,LABEL_0,0.520354151725769,Negativo,0.0,1
@jorellana2007,es la primera minor√≠a.,2025-11-17 23:56:40,LABEL_0,0.5609867572784424,Negativo,0.0,2
@noquidealgas,Andan cn la media,2025-11-17 23:56:40,LABEL_1,0.5108276605606079,Negativo,1.0,1
@pabloabata4635,Vot√© Kaiser as√≠ que ahora votar√© Kast.,2025-11-17 23:56:40,LABEL_0,0.5253745913505554,Negativo,0.0,3
@alfredotroncosov.9214,La candidata del Mega no est√° con buena expectativa...,2025-11-18 23:56:21,LABEL_0,0.5316690802574158,Negativo,0.0,1
@francoalejandrooyarzohuiri1303,Puntos importantes jajajajajajaja la manipulaci√≥n de los votos,2025-11-18 23:56:21,LABEL_1,0.521281361579895,Negativo,1.0,1
@jorgerozas6360,No al fascismo de la ultra,2025-11-18 23:56:21,LABEL_1,0.5256527662277222,Negativo,1.0,1
@monoespacial,"Quer√≠a ser informado, pero este video es insoportable. Una reportera que habla sin parar de una forma poco natural, con una m√∫sica insoportable de fondo. ¬øAlg√∫n podcast bueno que me de la informaci√≥n que este video intenta dar?",2025-11-18 23:56:21,LABEL_0,0.5083248019218445,Negativo,0.0,1
@cesarbautista8633,Pregunta para los chilenos de un dominicano!. Qui√©n usted cree qu√© puede ganar la segunda vuelta....?,2025-11-20 04:56:21,LABEL_0,0.5588659644126892,Negativo,0.0,1
@JuanbautistaEspinozaramire-r7v,La salvaoion de chile es Jos√© Antonio kast,2025-11-20 17:56:21,LABEL_0,0.6198786497116089,Negativo,0.0,1
@gastrojas,La ara√±a de Rinc√≥n siempre ninguneo a Parisi. Vale hongo. Tambi√©n cuando puede tira kk a Trump,2025-11-18 00:07:34,LABEL_1,0.5058913826942444,Negativo,1.0,1
@jorgeluiscarrasco1751,"En 2021 mucha gente estaba hipnotizada por el estallido social , ni m√°s recordar aTonka Tomicic diciendo ""Chile despert√≥"", a qu√© despert√≥? A destrucci√≥n? A mugre? Ahora esos zombies que votaron est√°n despertando.",2025-11-18 00:07:34,LABEL_1,0.5473353862762451,Negativo,1.0,3
@vivinaguzman5234,El 1% solidario lo van retrotraer.,2025-11-18 00:07:34,LABEL_1,0.5153142213821411,Negativo,1.0,2
@vivinaguzman5234,"Intelectualmente Labb√© es, muy D√©bil.. Da pena. Tooonto. No debe leer nada. Horror",2025-11-18 00:07:34,LABEL_1,0.5409191846847534,Negativo,1.0,1
@vivinaguzman5234,KAST NO ES INTELIGENTE,2025-11-18 00:07:34,LABEL_0,0.5034618973731995,Negativo,0.0,1
@vivinaguzman5234,La nana de mi mam√° le dijo que en su poblaci√≥n la gente votaba K√°iser por miedo. Le contaron un cuento. La gente pobre no les conmueve.,2025-11-18 00:07:34,LABEL_0,0.5406034588813782,Negativo,0.0,2
@vivinaguzman5234,Liberales de pacotilla... Evopolis,2025-11-18 00:07:34,LABEL_1,0.5912047028541565,Negativo,1.0,1
@vivinaguzman5234,"Lo que hicieron los de, K√°iser es ir al mundo popular asustada y prometer mano duda. Crueldad porque es un enga√±o y usan el miedo de la gente pobre...... Me da pena.",2025-11-18 00:07:34,LABEL_0,0.5136969685554504,Negativo,0.0,2
@vivinaguzman5234,Malas preguntas @tv_monica que pasa? Hagan preguntas de doctrina por favor!!!! Ser libertario es horror,2025-11-18 00:07:34,LABEL_1,0.5658895969390869,Negativo,1.0,1
@vivinaguzman5234,"Nuuuuu Livianito Livianito tontito Labb√©. Pobre derecha gobernar con esta, gente tonta y light....",2025-11-18 00:07:34,LABEL_1,0.5705187320709229,Negativo,1.0,1
@vivinaguzman5234,"Por qu√© a la, izquierda le exigen respuestas claras y a, Labb√© lo dejan esconder y omitir.",2025-11-18 00:07:34,LABEL_1,0.5645500421524048,Negativo,1.0,2
@vivinaguzman5234,Que light Labb√©. Un horror esta gente,2025-11-18 00:07:34,LABEL_1,0.5200381278991699,Negativo,1.0,2
@vivinaguzman5234,Que pesado Cruz Coke.... UF,2025-11-18 00:07:34,LABEL_1,0.524186909198761,Negativo,1.0,2
@vivinaguzman5234,Qu√© desolador.... El oso es la pobre gente,2025-11-18 00:07:34,LABEL_1,0.5390108227729797,Negativo,1.0,1
@vivinaguzman5234,Un gran error volver al neoliberalismo cruel. Error error error.,2025-11-18 00:07:34,LABEL_1,0.5290031433105469,Negativo,1.0,1
@EladioGarc√≠aSalcedo,Y a quien se le ocurre colocar una candidata comunista? Si el comunismo ya no existe...,2025-11-18 00:07:40,LABEL_0,0.5292543172836304,Negativo,0.0,1
@Fam2014Ch,El PEREJIL zurdo comunista TRATAAAAANDO de justificar el MEGA AJ√ç en el CORTACHURROS,2025-11-18 00:07:40,LABEL_1,0.5318934917449951,Negativo,1.0,1
@JaimeRodriguezOlea-fb7hx,Labee es un pelota,2025-11-18 00:07:40,LABEL_1,0.5250488519668579,Negativo,1.0,1
@JoseluisSanMartin-s8c,Parissi depende el apoyo que va ser tiene que tener un puesto en el gobierno tiene buenas ideas,2025-11-18 00:07:40,LABEL_0,0.5082451701164246,Negativo,0.0,1
@MarcelaSilva-pw5yi,"Pucha si este tipo tiene toda sus empresa en el extranjero y su dinero en para√≠sos fiscales.Le importara que pase con el pa√≠s.Queremos volver a trabajar de sol a sol sin poder tener tiempo con la familia.Queremos que haga un recortes en los gastos sociales? NOS ESTAN DICIENDO EN NUESTRAS CARAS TRABAJA,TRABAJA,TRABAJA QUE TE QUITARE TODOS TUS BENEFIOS QUE HAZ LOGRADO TENER EN MUCHOS A√ëOS.Que quieren un Miley? Por √∫ltimo votar por el que no nos amenaza.",2025-11-18 00:07:40,LABEL_0,0.5237458348274231,Negativo,0.0,3
@carloscorderogarcia1981,25:45 Pepe Auth mandando a cerrar el orto,2025-11-18 00:07:40,LABEL_1,0.5230445861816406,Negativo,1.0,1
@conexiontv2925,Que patetico el comunista ....no reconoce que lo patearon en el suelo...y que boric es un desastre que se lleno los bolsillos,2025-11-18 00:07:40,LABEL_1,0.5270987153053284,Negativo,1.0,1
@dannielawalk,"El socialismo siempre ser√° opresi√≥n, facilidades, apuesten por el gobierno rep√∫blicano!",2025-11-18 00:07:40,LABEL_0,0.5882564783096313,Negativo,0.0,1
@haglaz1310,Chile cada vez m√°s parecido a Macondo,2025-11-18 00:07:40,LABEL_1,0.5785903930664062,Negativo,1.0,1
@hectorgomezjofre5358,"N√∫√±ez estar√≠a ganando con un 15%, 20%, 30%, la realidad para √©l es irrelevante",2025-11-18 00:07:40,LABEL_1,0.5109515190124512,Negativo,1.0,1
@isaipezo4073,Nu√±ez: la MARXISTA no llega ni a liderar sus propios.,2025-11-18 00:07:40,LABEL_1,0.535489022731781,Negativo,1.0,1
@juafre3024,"Est√°n tristes, est√°n tristes..............................jajajajajajaja",2025-11-18 00:07:40,LABEL_1,0.5279960036277771,Negativo,1.0,1
@mcarrasco45,Los invitados son una manga de Charlatanes y no representan a nadie PLR a todos esos,2025-11-18 00:07:40,LABEL_1,0.5514591932296753,Negativo,1.0,1
@raulrebolledo-w2l,"SI BIEN ES CIERTO, QUE DESMANTELARON AL ESTADO, AHORA ES HORA DE QUE LA SECTA DEL PARTIDO COMUNISTA REGRESE A LA REALIDAD Y RECUPERE SU ETERNO 7/8 POR CIENTO..ACOSTUMBRADO..",2025-11-18 00:07:40,LABEL_1,0.5983583927154541,Negativo,1.0,1
@vivinaguzman5234,Brillante N√∫√±ez!!! Y,2025-11-18 00:07:40,LABEL_1,0.5389126539230347,Negativo,1.0,5
@vivinaguzman5234,Cosas sin hacer leyes.....,2025-11-18 00:07:40,LABEL_1,0.6110934019088745,Negativo,1.0,1
@vivinaguzman5234,El. Pr√©stamo lo quieren sacar,2025-11-18 00:07:40,LABEL_0,0.5125706195831299,Negativo,0.0,2
@vivinaguzman5234,La criptonita de Kast es Kast y K√°iser,2025-11-18 00:07:40,LABEL_0,0.5891461372375488,Negativo,0.0,4
@vivinaguzman5234,"N√∫√±ez ha, Sepulveda que paso con el 10% del rechazo?",2025-11-18 00:07:40,LABEL_0,0.5386454463005066,Negativo,0.0,1
@vivinaguzman5234,"N√∫√±ez, te no soy PC @pepe_auth da pena",2025-11-18 00:07:40,LABEL_1,0.5086583495140076,Negativo,1.0,1
@EduardoHidalgo-f7b,Jesus fue traicionado por Judas y Janet fue traicionada por gente farisea,2025-11-18 00:07:47,LABEL_1,0.5518739819526672,Negativo,1.0,2
@ElsaGatica-e5e,"Kas miente y el asesor lo cubre claro que lo sacaran y todas las ayudas sociales al pueblo no tendr√°n piedad ,y de donde sacar√° los seimillones de dolares de todo los chileno por √©so hay que vota por jara",2025-11-18 00:07:47,LABEL_0,0.5582556128501892,Negativo,0.0,8
@ElsaGatica-e5e,"Seguro que si, en la poblaci√≥n lo sacaron apuntan de polos",2025-11-18 00:07:47,LABEL_1,0.5916206240653992,Negativo,1.0,1
@JEBA-x9q,"Por favor!!!! Nu√±ez‚Ä¶.. haces el rid√≠culo. Eres incapaz de responder las preguntas! Es, por donde se vea, un fracaso y si no somos capaces de verlo como tal, nos van a barrer en 2a vuelta",2025-11-18 00:07:47,LABEL_1,0.600475013256073,Negativo,1.0,1
@PatriciaMelladoAedo,Jara a segunda vuelta??? Si los chilenos estamos agobiados con los comunistas que pasa???? Esto es una pesadilla,2025-11-18 00:07:47,LABEL_1,0.5221738219261169,Negativo,1.0,3
@Thamar27,"Mis felicitaciones a Jeannette Jara, todo mi apoyo. Volver√© a votar por ella en diciembre. Me duele y no puedo entender a la masa de chilenos que vot√≥ a Kast y Kaiser. Lo de Parisi se entiende por los nost√°lgicos de una figura estilo Pi√±era, pero votar por nazis y ultraderechistas racistas, machistas, explotadores y atropelladores de los DDHH de norte a sur... Parte el alma",2025-11-18 00:07:47,LABEL_0,0.5046674609184265,Negativo,0.0,7
@ToloSalazar-xs7qi,Con Kast nos fuimos a la B,2025-11-18 00:07:47,LABEL_0,0.5287079811096191,Negativo,0.0,2
@ToloSalazar-xs7qi,Que apestoso Willy Duarte,2025-11-18 00:07:47,LABEL_0,0.5033166408538818,Negativo,0.0,1
@ToloSalazar-xs7qi,"Tendremos una nueva marca, Panama JAK",2025-11-18 00:07:47,LABEL_0,0.5025001764297485,Negativo,0.0,1
@aliciamorales6089,Eso significa que todav√≠a existen imbeciles en Chile,2025-11-18 00:07:47,LABEL_1,0.5427504181861877,Negativo,1.0,2
@carlosaguilarcastillo954,"PARA QUE LOS EMPRESARIOS PUEDAN INVERTIR TIENE QUE HABER PAZ SOCIAL, EL COMUNICADO, LA ADVERTENCIA , DE JARA. ????????",2025-11-18 00:07:47,LABEL_1,0.554135262966156,Negativo,1.0,1
@carlosriquelme6535,"el c√°ncer comunistas tarde o temprano har√° de chile, un pa√≠s semejante a cuba, Nicaragua, Venezuela, nunca muri√≥ el octubrismo, como se explica las votaciones, de Jaime balza, y Elisa loncon, los jerarcas de la convenci√≥n,que quer√≠a refundar chile , los traidores de la democracia cristiana, que se venden al comunismo, ll√°mese chancho milla, Aedo, Gracias a Dios no fue electo, en verdad t√©trico y asqueroso.",2025-11-18 00:07:47,LABEL_0,0.5637349486351013,Negativo,0.0,1
@fabianvargascortes8805,Zurdistan en su m√°xima expresi√≥n,2025-11-18 00:07:47,LABEL_1,0.5681530237197876,Negativo,1.0,1
@goodynunez,"El problema en chile es que la.mayoria no LEE,,, viven en la ignorancia plena.Solo repite como loros... Entonces el problema es de la indosicracia",2025-11-18 00:07:47,LABEL_0,0.5336086750030518,Negativo,0.0,1
@hectorravanal3580,Que el representante de Kast no haya nacido es est√∫pidamente irrelevante. √âste tipo no hace la Historia de Chile...y est√° por no haber nacido NO SE PUEDE NEGAR...EL TERROR Y EL HORROR EL PAIS LO VIVI√ì...QUE CONSULTE LOS INFORMES RETTIG Y VALECH ASI C√ìMO LOS INFORMES DE NACIONES UNIDAS CONDENANDO LOS CR√çMENES DE LESA HUMANIDAD COMETIDOS EN EL PA√çS.,2025-11-18 00:07:47,LABEL_0,0.503574013710022,Negativo,0.0,1
@isidorasalaberrypavone8015,Si sale Kast habra un segundo estallido social. Indiscutiblemente,2025-11-18 00:07:47,LABEL_1,0.6026705503463745,Negativo,1.0,6
@isidorasalaberrypavone8015,Tanto le cuesta a la derecha asumir que a kast le fue peor de lo que esperaban? Jara hizo la primera parte de su pega. Ahora toca seguir luchando para que el fascismo no vuelva a estar en nuestro pais.,2025-11-18 00:07:47,LABEL_0,0.5125850439071655,Negativo,0.0,3
@janeausten5681,"Yaaaa cort√©nla con el golpe del 73!!!! Los detenidos desaparecidos y torturados!!! Hoy, siglo XXI 2025, hay personas desaparecidas, cr√≠menes x tortura, todo por el incremento de narcos y mafias!!! Y qui√©n vela por estas nuevas v√¨ctimas!!! No, no son importantes porque no fueron pol√≠ticos!!! BASTA!!! Chile se hunde por los problemas del pasado que sabemos no se solucionar√°n!!En 30 a√±os m√°s seguir√°n ""webiando"" por el 73!!!....Ya le dije una vez a mis padres, si me condenan por involucrarme en pol√≠tica, es asunto mio!!! Yo decid√≠ meterme con todos los riesgos que eso conllleva!",2025-11-18 00:07:47,LABEL_0,0.5098962783813477,Negativo,0.0,4
@loretochihuailafvera4281,Pepe Auth que tipo mas despreciable,2025-11-18 00:07:47,LABEL_1,0.516057014465332,Negativo,1.0,2
@maeluva2640,"Kast vot√≥ rechazo en todos los avances importantes para trabajadores y personas mayores, prefieren vivir con un sueldo miserable y pensi√≥n indigna al votar por kast",2025-11-18 00:07:47,LABEL_0,0.5104883909225464,Negativo,0.0,8
@Anticom-h7m,Que explicaci√≥n estar√° buscando el cantinfla de Mayol ?Podr√≠a hacer una asociaci√≥n de encuestadores con Mori.,2025-11-18 00:07:53,LABEL_0,0.5926224589347839,Negativo,0.0,16
@CH-mz4im,Adios a la izquierda en chile,2025-11-18 00:07:53,LABEL_1,0.5595152974128723,Negativo,1.0,9
@EladioGarc√≠aSalcedo,Hay se√±or!! No tiene por d√≥nde esta vieja,2025-11-18 00:07:53,LABEL_1,0.5019633173942566,Negativo,1.0,1
@JuanaSantis-x3b3m,Kas tiene que renunciar ala O.N.U.para merecer ser presidente de chile,2025-11-18 00:07:53,LABEL_0,0.5523456931114197,Negativo,0.0,8
@Lissy-g3q,"Me r√≠o toda la noche de los disque comentaristas cuando hablan del Pdg , no entiendan que lo sensato es el fondo, ah√≠ reci√©n le van achuntar!! Mientras sue√±en bonito en especial los zurditos",2025-11-18 00:07:53,LABEL_1,0.5140606164932251,Negativo,1.0,3
@Lissy-g3q,Pepe auth ni porque no le achunto nada a esta elecci√≥n sigue pensando puras leseras,2025-11-18 00:07:53,LABEL_0,0.5227333903312683,Negativo,0.0,1
@clarawistuba9712,"Claro que queremos que las listas de esperan en salud avancen, claro que queremos seguridad, mejor educaci√≥n, acaso eso es mucho pedir?.",2025-11-18 00:07:53,LABEL_0,0.5097052454948425,Negativo,0.0,2
@clarawistuba9712,"Cruzcoke, tiene la raz√≥n, que tiene que ver Par√≠si con pamela Jiles?, sospechosa la wuea.",2025-11-18 00:07:53,LABEL_1,0.5198049545288086,Negativo,1.0,1
@clarawistuba9712,"No puedo creer, que alguien diga que en el gobierno de Frei Montalva quer√≠an hacer un golpe de estado, o es que yo no exist√≠a?, con Allende si el pueblo ped√≠a a los militares para librar a Chile del comunismo.",2025-11-18 00:07:53,LABEL_1,0.5424655675888062,Negativo,1.0,7
@clarawistuba9712,"Pamela Jiles comunista? Y ahora con Par√≠si y la eligieron, osea en el reino de los cielos el tuerto es Dios. No se vale tanta sirvenguenzura.",2025-11-18 00:07:53,LABEL_0,0.5128095149993896,Negativo,0.0,2
@clarawistuba9712,"Quiero creer que los chilenos no quieren caer en manos del comunismo, ya le dieron F√© a Boric y cargamos ahora s√≥lo queremos resurgir, as√≠ que no especulen. Kats ser√° el futuro presidente.",2025-11-18 00:07:53,LABEL_1,0.5038155913352966,Negativo,1.0,8
@flormariabustos3599,"Sr. Nu√±ez, acepte la realidad, LA MAYOR√çA DE LOS CHILENOS NO QUEREMOS COMUNISMO EN CHILE, NECESITAMOS UN PRESIDENTE QUE SE PREOCUPE DE LOS CHILENOS!!!! NO SOLO DE SUS PARTIDOS Y Sus Ctas bancarias y QUE VIVEN DEL PASADO, ACEPTE LA REALIDAD!!!!! Saquence la venda de los ojos alguna vez!!!! Y actualicen sus ideas mentirosas",2025-11-18 00:07:53,LABEL_1,0.5364058613777161,Negativo,1.0,13
@marcelantonieta6687,El comunismo es una peste ... pr√°cticamente extinta en el planeta ... salvo en Chile ...,2025-11-18 00:07:53,LABEL_0,0.5240366458892822,Negativo,0.0,1
@marcelantonieta6687,El s√≥lo hecho d' escuchar al comunista Daniel NU√ëEZ ... provoca jaqueca ....,2025-11-18 00:07:53,LABEL_0,0.5287532806396484,Negativo,0.0,4
@martin_brice,"EL COMUNISTA ES TAN AWEONAO, hiperventilado y tan fanatico que jura va ganar jajjajajajajjjaja SDW, LA TENDENCIA ES CLARA !",2025-11-18 00:07:53,LABEL_1,0.5022868514060974,Negativo,1.0,6
@pamelabarenkob9602,C√≥mo les qued√≥ e ojozurdos activistas m√°s q oeeiodistas,2025-11-18 00:07:53,LABEL_1,0.5253630876541138,Negativo,1.0,8
@patricionico886,Que pasa chile me da asta pena pensar que creen en una vieja as√≠.....,2025-11-18 00:07:53,LABEL_1,0.5505587458610535,Negativo,1.0,14
@teach4safetycapacitaciones994,"Nu√±ez hablando de % para comparar con elecci√≥n 2021 cuando lo que importa son los n√∫meros, 200.000 votos m√°s obtuvo Kast en esta 1era vuelta.",2025-11-18 00:07:53,LABEL_1,0.5226538181304932,Negativo,1.0,11
@vivalej,2¬∞ vuelta NI FACHO NI COMUNACHO / NI FACHO NI COMUNACHO / NI FACHO NI COMUNACHO / NI FACHO NI COMUNACHO / NI FACHO NI COMUNACHO / NI FACHO NI COMUNACHO /NI FACHO NI COMUNACHO / NI FACHO NO COMUNACHO,2025-11-18 00:07:53,LABEL_0,0.5941357016563416,Negativo,0.0,2
@vivianariveramarchelli3581,Este Sr Nu√±ez en que mundo vive,2025-11-18 00:07:53,LABEL_1,0.5143492817878723,Negativo,1.0,17
@JoseFont-u7e,KAST GANAR√Å SEGURO... !!! DESDE WASHINGTON D.C. U.S.A. .,2025-11-19 00:07:27,LABEL_0,0.5212067365646362,Negativo,0.0,5
@WilliamGarrido-j4z,Estamos pa la caga botaron por los m√°s weones que hab√≠an por un nazi culiao y una weona comunista,2025-11-19 00:07:27,LABEL_0,0.5261322855949402,Negativo,0.0,1
@ZarahGamer118,"Nu√±ez parece que esta tan lejos de la realidad y tienen cero autocritica, , este gobierno y lo que su sector representa se fueron a pique total",2025-11-19 00:07:27,LABEL_0,0.5213945508003235,Negativo,0.0,1
@ZarahGamer118,"no conoc√≠a a Martin Arrau, muy agradable el caballero, me cayo super bien",2025-11-19 00:07:27,LABEL_1,0.5058196783065796,Negativo,1.0,1
@agricolaquinchilcaltda.147,x. N√∫√±ez comunacho,2025-11-19 00:07:27,LABEL_1,0.5423998236656189,Negativo,1.0,1
@andrescotos1903,"La extrema izquierda , est√° imposibilitada , incapacitada de asumir su responsabilidad , social , econ√≥mica , legal ; son interd√≠ctos cong√©nitos , en toda su historia . Nacieron interd√≠ctos . El pueblo , no olvida , el golpe de estado , que le dieron a la legalidad y al estado de derecho del pueblo chileno , el 18 de Octubre de 2019 , Quemando , a todo el pa√≠s , destruyendo el metro , y m√°s de 100,000 peque√±os negocios familiares y todos los mall de la naci√≥n .. Pretendieron destru√¨r a chile , a todas sus instituciones y los s√≠mbolos m√°s sagrados de la naci√≥n . Repudiamos , como obligaron a callar a un grupo de ni√±os que entonaban el himno nacional , o meterse la sagrada bandera en el ano , sac√°ndosela en pantalla abierta de tv. nacional . Pretendieron refundar a Chile y sus instituciones y muchas vesan√≠as vejatorias m√°s . Chile sobrevivi√≥ , a todo esto , no los quiere , los repudia y en toda convocatoria de la voluntad popular , siempre repudiar√©mos al proscrito comun√≠smo .",2025-11-19 00:07:27,LABEL_1,0.5044490098953247,Negativo,1.0,1
@cokeriesko,GRANDE MI GENERAL PINOCHET SEGUNDO PADRE DE LA PATRIA,2025-11-19 00:07:27,LABEL_1,0.5312971472740173,Negativo,1.0,1
@mariateresavarossanchez1763,Labbe! Para la pr√≥ximo gobierno K√°iser! El m√°s s√≥lido,2025-11-19 00:07:27,LABEL_0,0.5468706488609314,Negativo,0.0,1
@mariateresavarossanchez1763,N√∫√±ez! Es el hijo de Maduro!! Y de todos los pa√≠ses totalitarios!,2025-11-19 00:07:27,LABEL_1,0.503102719783783,Negativo,1.0,1
@mariateresavarossanchez1763,N√∫√±ez! Tu estallido delictual!! Que ustedes apoyaron!Ustedes son extremos!!,2025-11-19 00:07:27,LABEL_1,0.5811812877655029,Negativo,1.0,1
@mariateresavarossanchez1763,N√∫√±ez!! Todav√≠a vives de Pinochet!!,2025-11-19 00:07:27,LABEL_1,0.5802508592605591,Negativo,1.0,1
@nachomagallanico,"Tolerancia cero en CNN???? Chucha desde cuando, alguien sabe qui√©n es el due√±o de la marca???? Hace rato llevo viviendo fuera de Chile pero se me pas√≥ completamente que ya no estaba en Chilevisi√≥n!!",2025-11-19 00:07:27,LABEL_1,0.5575898289680481,Negativo,1.0,1
@rodrigolo2409,"Y la vamos a seguir cantando zueditos , es parte importante de nuestro himno desde el 1840 ignorantes !!!",2025-11-19 00:07:27,LABEL_1,0.5558477640151978,Negativo,1.0,1
@PedroChoapa-e8l,JARA NO TIENE POR DONDE..,2025-11-19 00:07:34,LABEL_1,0.5329136252403259,Negativo,1.0,10
@go-iy1kv,Kast por lejos,2025-11-19 00:07:34,LABEL_1,0.5121060013771057,Negativo,1.0,1
@palomavasquez13,Jara Presidenta..,2025-11-19 00:07:34,LABEL_1,0.5419121980667114,Negativo,1.0,1
@patmos789,Que las decisiones del pa√≠s dependan de los diputados del PDG hablan de una derrota total de la pol√≠tica en Chile.,2025-11-19 00:07:34,LABEL_0,0.5630649924278259,Negativo,0.0,4
@toride_e,"Cero autocr√≠tica de parte de los militantes del comunismo, jajajajaajaj",2025-11-19 00:07:34,LABEL_0,0.5140320062637329,Negativo,0.0,1
@elizabethdelrioortiz7235,"Parisi represent√≥ a una gran porci√≥n de ciudasanos que rechaza a los actuales partidos pol√≠ticos que deciden desde c√∫pulas sin mayor participacion de gente de las comunidades. Las organizaciones sociales est√°n atomizadas. Es un voncepto amplio y una vez m√°s ""no lo vimos venir"". Ense√±anza civica en todo nivel de educaci√≥n (formal, Tv y redes) se hace indispensable!",2025-11-20 00:07:27,LABEL_0,0.5122537612915039,Negativo,0.0,1
@lauraibarra-o4o,"Ya pero se dan cuenta como le preguntas si Kast tiene similitud en temas de libertad e ideolog√≠a con Trump y Milei y lo niegan? y dicen que cada pa√≠s tiene su realidad diferente y un contexto diferente, y que cada uno tiene su propia forma. Ya, punto uno, no creo que sean tan diferentes. Punto dos, es el mismo tipo de pregunta o de echo, insinuaci√≥n y que incluso dan por echo cuando comparan a Jara con Venezuela o Cuba, y que se jactan de que son lo mismo, por m√°s de que ella y el resto de su coalisi√≥n fundamenten con lo mismo, que son contexto y realidades diferentes y con formas ded hacer las cosas diferentes. Entonces me llama la atenci√≥n c√≥mo hacia un sector se le da toda credibilidad ante una respuesta as√≠, no se le rebate y solo se asiente y continua con la siguiente pregunta. Lo encuentro negligente por parte de quienes realizan los debates y quienes solo escuchan sin cuestionar este tipo de actitudes muy distintas frente a cada candidato. Ojal√° relfexionen un poco ante esto. Ah y recordemos que Kast acaba de hacer contacto con Milei sugiriendo que trabajar√°n juntos XD entonces de que estamos hablando?",2025-11-20 00:07:27,LABEL_1,0.5316957831382751,Negativo,1.0,2
@mariavictoriaayalahoffmann1376,"Dupla K KSe les acabo a los vagos gatos de campo. Con disculpa de los hermosos gatos. Por primera vez, van a trabajar.",2025-11-20 09:07:27,LABEL_0,0.5069319009780884,Negativo,0.0,2
@mariavictoriaayalahoffmann1376,"N√∫√±ez es un violento como todos los comunistas! Resentido, se volvieron vegetarianos estos lobos.",2025-11-20 09:07:27,LABEL_0,0.5055768489837646,Negativo,0.0,2
@rodolfosaraviaabarca3349,"Que lata que Nu√±ez no insista en que J. Jara es parte de una coalici√≥n que est√° formada por varios partidos : Partido Comunista de Chile (PCCh)Partido Socialista de Chile (PS)Frente Amplio (FA) (compuesto por Revoluci√≥n Democr√°tica, Convergencia Social, y Comunes)Partido por la Democracia (PPD)Partido Radical de Chile (PR)Partido Liberal de Chile (PL)Partido Dem√≥crata Cristiano (PDC)Es una candidata comunista , es cierto , pero el PC . En t√©rminos de representaci√≥n legislativa (diputados/senadores), comparte la fuerza con otras agrupaciones grandes como el Frente Amplio y el Partido Socialista. Por otra parte el Partido Comunista es apenas la tercera fuerza pol√≠tica m√°s grande dentro de la coalici√≥n de gobierno, superado por el Frente Amplio y el Partido Socialista. Representa aproximadamente el 20% de las afiliaciones de los principales partidos que apoyan la candidatura.Datos ahorra relatos.",2025-11-20 19:07:27,LABEL_0,0.5438712239265442,Negativo,0.0,1
@mariolyriquelme3189,"CNN chile muestren la verdad , no se como tienen cara los de izquierda de volver a presentarse , teniendo la quiebra en laSalud , sin sueldo a los profesores y sin dineros de reserva al pa√≠s !!!! Son careraja",2025-11-20 21:07:27,LABEL_1,0.5146432518959045,Negativo,1.0,1
@epistemes2024,Jeannette Jara Presidenta,2025-11-20 23:07:27,LABEL_0,0.5071424245834351,Negativo,0.0,1
